wn:00091013n	DISCARD
wn:00205543n	GIVE-UP_ABOLISH_ABANDON
wn:00273449n	DOWNPLAY_HUMILIATE
wn:07309223n	DOWNPLAY_HUMILIATE
wn:07305551n	CAUSE-MENTAL-STATE
wn:07254456n	GIVE-UP_ABOLISH_ABANDON
wn:00775702n	REMOVE_TAKE-AWAY_KIDNAP
wn:00775460n	REMOVE_TAKE-AWAY_KIDNAP
wn:00333037n	MOVE-SOMETHING
wn:00745431n	DISLIKE
wn:01053920n	STAY_DWELL
wn:01021889n	TOLERATE
wn:01071090n	TOLERATE
wn:01228877n	LIKE
wn:07206096n	SPEAK
wn:00198270n	REMOVE_TAKE-AWAY_KIDNAP
wn:00393369n	REMOVE_TAKE-AWAY_KIDNAP
wn:00205649n	ABSTAIN_AVOID_REFRAIN
wn:07204665n	GIVE-UP_ABOLISH_ABANDON
wn:00228283n	GIVE-UP_ABOLISH_ABANDON
wn:00230324n	EXCRETE
wn:00555325n	EXIST-WITH-FEATURE
wn:00346936n	TURN_CHANGE-DIRECTION
wn:00163406n	THINK
wn:00253395n	SPEAK
wn:00392709n	REMOVE_TAKE-AWAY_KIDNAP
wn:00055633n	LEAVE_DEPART_RUN-AWAY
wn:00204943n	LEAVE_DEPART_RUN-AWAY
wn:01234345n	LEAVE_DEPART_RUN-AWAY
wn:00094240n	PARDON
wn:00582388n	CAUSE-MENTAL-STATE
wn:00781355n	STEAL_DEPRIVE
wn:00419908n	TREAT
wn:00418025n	TREAT
wn:00742474n	VIOLATE
wn:07175575n	AGREE_ACCEPT
wn:07177192n	AGREE_ACCEPT
wn:00330457n	SPEED-UP
wn:05060783n	SPEED-UP
wn:01264243n	EMPHASIZE
wn:00082525n	AGREE_ACCEPT
wn:00281132n	ENTER
wn:07284554n	ACCOMPANY
wn:00827782n	ACCOMPANY
wn:00062806n	ACHIEVE
wn:01086572n	GIVE_GIFT
wn:00618734n	CALCULATE_ESTIMATE
wn:07217924n	REPRESENT
wn:07201365n	REPRESENT
wn:01140193n	AGREE_ACCEPT
wn:01014066n	AMASS
wn:00206600n	BEWITCH
wn:07233863n	BEWITCH
wn:07233634n	BEWITCH
wn:00947923n	CAUSE-MENTAL-STATE
wn:00194831n	CAUSE-MENTAL-STATE
wn:00568701n	SCORE
wn:00077419n	OBTAIN
wn:00064018n	TAKE
wn:01193886n	SUBJECTIVE-JUDGING
wn:01227691n	SUBJECTIVE-JUDGING
wn:01247647n	SUBJECTIVE-JUDGING
wn:01220984n	BEHAVE
wn:00037396n	CARRY-OUT-ACTION
wn:00548326n	PERFORM
wn:06893885n	PERFORM
wn:06892016n	PERFORM
wn:00552097n	PERFORM
wn:01022008n	CARRY-OUT-ACTION
wn:01182654n	ACCUSE
wn:01181902n	ACCUSE
wn:00236821n	OPERATE
wn:00931847n	CREATE_MATERIALIZE
wn:00061917n	CREATE_MATERIALIZE
wn:00070641n	INCITE_INDUCE
wn:00178832n	CARRY-OUT-ACTION
wn:00099588n	CARRY-OUT-ACTION
wn:00363788n	ADD
wn:00872107n	ADD
wn:00087849n	CAUSE-SMT
wn:07241837n	SPEAK
wn:07238694n	SPEAK
wn:00333203n	MOVE-SOMETHING
wn:00124880n	BORDER
wn:00216038n	FINISH_CONCLUDE_END
wn:01067070n	STOP
wn:01187810n	SUBJECTIVE-JUDGING
wn:01195867n	SUBJECTIVE-JUDGING
wn:01135952n	LEAD_GOVERN
wn:01083504n	GIVE_GIFT
wn:00694990n	GIVE_GIFT
wn:01248191n	AUTHORIZE_ADMIT
wn:07225167n	WARN
wn:01185292n	CO-OPT
wn:00930868n	REPRESENT
wn:00899292n	REPRESENT
wn:00180770n	FOLLOW_SUPPORT_SPONSOR_FUND
wn:00262743n	EMBELLISH
wn:00262596n	EMBELLISH
wn:00261604n	EMBELLISH
wn:00262249n	EMBELLISH
wn:07453638n	ASSIGN-smt-to-smn
wn:00198919n	ASSIGN-smt-to-smn
wn:07203016n	SUMMARIZE
wn:07445265n	GO-FORWARD
wn:00249780n	INCREASE_ENLARGE_MULTIPLY
wn:00198451n	PROMOTE
wn:00364260n	INCREASE_ENLARGE_MULTIPLY
wn:00802962n	BID
wn:00802629n	BID
wn:01117164n	RISK
wn:07180570n	CITE
wn:07185668n	INFORM
wn:07161429n	PROPOSE
wn:07188385n	PROPOSE
wn:01214171n	FOLLOW_SUPPORT_SPONSOR_FUND
wn:00200244n	COMBINE_MIX_UNITE
wn:11414411n	AFFECT
wn:07228211n	ALLY_ASSOCIATE_MARRY
wn:01036778n	ALLY_ASSOCIATE_MARRY
wn:01082061n	ALLY_ASSOCIATE_MARRY
wn:00153961n	PROVE
wn:01186192n	PROVE
wn:00927694n	ATTACH
wn:07305234n	HURT_HARM_ACHE
wn:00400278n	GROW_PLOW
wn:01222666n	CAUSE-MENTAL-STATE
wn:01225027n	OFFEND_DISESTEEM
wn:07172979n	EMBELLISH
wn:00266253n	WORSEN
wn:00374835n	WORSEN
wn:01221790n	CAUSE-MENTAL-STATE
wn:00425451n	CAUSE-MENTAL-STATE
wn:01222157n	CAUSE-MENTAL-STATE
wn:01237167n	ATTACK_BOMB
wn:00972621n	ATTACK_BOMB
wn:00964569n	ATTACK_BOMB
wn:00347180n	MOVE-SOMETHING
wn:07176682n	AGREE_ACCEPT
wn:07175241n	AGREE_ACCEPT
wn:00815644n	DIRECT_AIM_MANEUVER
wn:06255354n	TRANSMIT
wn:01253277n	AIR
wn:06264812n	CARRY_TRANSPORT
wn:07224774n	WARN
wn:01000068n	ADJUST_CORRECT
wn:01057759n	NOURISH_FEED
wn:00664849n	NOURISH_FEED
wn:00355547n	HELP_HEAL_CARE_CURE
wn:07357101n	SIMPLIFY
wn:01208291n	SIMPLIFY
wn:00164579n	GIVE_GIFT
wn:01139194n	AUTHORIZE_ADMIT
wn:01141841n	AUTHORIZE_ADMIT
wn:01081456n	ALLY_ASSOCIATE_MARRY
wn:01011028n	SORT_CLASSIFY_ARRANGE
wn:00692506n	CASTRATE
wn:00667847n	CASTRATE
wn:00692726n	CASTRATE
wn:07184149n	QUARREL_POLEMICIZE
wn:01010684n	ALTERNATE
wn:00283951n	MOVE-ONESELF
wn:00248977n	AMELIORATE
wn:01250101n	ADJUST_CORRECT
wn:01249315n	PARDON
wn:01121070n	PAY
wn:00367427n	INCREASE_ENLARGE_MULTIPLY
wn:00367552n	INCREASE_ENLARGE_MULTIPLY
wn:00666350n	REMOVE_TAKE-AWAY_KIDNAP
wn:00651176n	COMPARE
wn:00634276n	ANALYZE
wn:00648931n	ANALYZE
wn:00704305n	ANALYZE
wn:07233542n	BEWITCH
wn:07233996n	BEWITCH
wn:00646187n	ANALYZE
wn:00052052n	ATTACH
wn:00712833n	GIVE_GIFT
wn:01041674n	GIVE_GIFT
wn:00758972n	CAUSE-MENTAL-STATE
wn:00105624n	INCLINE
wn:07330828n	KILL
wn:00218427n	KILL
wn:07332691n	KILL
wn:00371735n	EXPLAIN
wn:00736375n	CAUSE-MENTAL-STATE
wn:00418394n	CAUSE-MENTAL-STATE
wn:01240979n	CANCEL_ELIMINATE
wn:00232863n	CANCEL_ELIMINATE
wn:01253665n	CANCEL_ELIMINATE
wn:07168486n	CANCEL_ELIMINATE
wn:01258852n	CANCEL_ELIMINATE
wn:07199565n	ANSWER
wn:07200527n	ANSWER
wn:07326880n	PRECEDE
wn:01257145n	PRECEDE
wn:00427580n	BEHAVE
wn:00513401n	BEHAVE
wn:07286905n	GUESS
wn:00549472n	REPEAT
wn:00204814n	REFUSE
wn:07306252n	CAUSE-MENTAL-STATE
wn:01225397n	CAUSE-MENTAL-STATE
wn:07223811n	CAUSE-MENTAL-STATE
wn:07190290n	ASK_REQUEST
wn:00097244n	ASK_REQUEST
wn:07186828n	ASK_REQUEST
wn:07321772n	APPEAR
wn:00050484n	APPEAR
wn:00050195n	APPEAR
wn:01233627n	APPEAR
wn:00633329n	FOCUS
wn:00163779n	ASSIGN-smt-to-smn
wn:01085793n	SHARE
wn:00874806n	CALCULATE_ESTIMATE
wn:07310507n	GO-FORWARD
wn:00941140n	LEARN
wn:01215392n	APPROVE_PRAISE
wn:00088481n	STEAL_DEPRIVE
wn:00875246n	CALCULATE_ESTIMATE
wn:00939091n	CREATE_MATERIALIZE
wn:01093965n	WORK
wn:01240432n	NEGOTIATE
wn:01190884n	NEGOTIATE
wn:07370671n	RAISE
wn:07445480n	RAISE
wn:00962129n	OPPOSE_REBEL_DISSENT
wn:01259773n	AROUSE_WAKE_ENLIVEN
wn:01147451n	STOP
wn:01063697n	STOP
wn:00048374n	ARRIVE
wn:00048828n	ARRIVE
wn:00085432n	STEAL_DEPRIVE
wn:01145015n	STEAL_DEPRIVE
wn:00512843n	JOKE
wn:00147314n	JOIN_CONNECT
wn:07311661n	RAISE
wn:00141806n	VERIFY
wn:07193596n	ASK_REQUEST
wn:05892651n	REQUIRE_NEED_WANT_HOPE
wn:07186661n	HOST_MEAL_INVITE
wn:06720600n	ACCUSE
wn:00225593n	KILL
wn:00773814n	ATTACK_BOMB
wn:00773402n	ATTACK_BOMB
wn:00767826n	ATTACK_BOMB
wn:00221056n	KILL
wn:00425090n	ATTACK_BOMB
wn:00791527n	ANALYZE
wn:00786195n	TRY
wn:00787218n	TRY
wn:01229938n	GROUP
wn:00730247n	ASSIGN-smt-to-smn
wn:00165178n	ASSIGN-smt-to-smn
wn:00796586n	ASSIGN-smt-to-smn
wn:07231199n	ASSIGN-smt-to-smn
wn:00164345n	SORT_CLASSIFY_ARRANGE
wn:01016832n	SORT_CLASSIFY_ARRANGE
wn:00083260n	SUPPOSE
wn:07357866n	RAISE
wn:07226545n	GUARANTEE_ENSURE_PROMISE
wn:00218602n	ATTACK_BOMB
wn:00087218n	REMOVE_TAKE-AWAY_KIDNAP
wn:00085219n	REMOVE_TAKE-AWAY_KIDNAP
wn:01233397n	ATTEND
wn:00755863n	BEHAVE
wn:00092366n	SELL
wn:00794614n	TRY
wn:00365231n	INCREASE_ENLARGE_MULTIPLY
wn:07369470n	INCREASE_ENLARGE_MULTIPLY
wn:07286368n	SIGNAL_INDICATE
wn:00876542n	HEAR_LISTEN
wn:01138670n	AUTHORIZE_ADMIT
wn:01141593n	AUTHORIZE_ADMIT
wn:00141396n	ANALYZE
wn:00394242n	REMOVE_TAKE-AWAY_KIDNAP
wn:07405137n	FALL_SLIDE-DOWN
wn:00204022n	TURN_CHANGE-DIRECTION
wn:00203753n	ABSTAIN_AVOID_REFRAIN
wn:00384658n	SEPARATE_FILTER_DETACH
wn:01048697n	GIVE_GIFT
wn:07377931n	MAKE-A-SOUND
wn:07376168n	MAKE-A-SOUND
wn:07223985n	SPEAK
wn:01215168n	FOLLOW_SUPPORT_SPONSOR_FUND
wn:07180372n	FOLLOW_SUPPORT_SPONSOR_FUND
wn:01222333n	OFFEND_DISESTEEM
wn:00203020n	MOVE-BACK
wn:00073032n	MOVE-BACK
wn:07408621n	MAKE-A-SOUND
wn:07285191n	DOWNPLAY_HUMILIATE
wn:00566690n	HIT
wn:00067990n	PRECLUDE_FORBID_EXPEL
wn:01108971n	GIVE_GIFT
wn:01222859n	OFFEND_DISESTEEM
wn:00246341n	COOK
wn:00715843n	COOK
wn:01169317n	REFUSE
wn:00075618n	MESS
wn:01134699n	MESS
wn:00076072n	MESS
wn:00183505n	CHOOSE
wn:07255401n	PRECLUDE_FORBID_EXPEL
wn:00207622n	DRIVE-BACK
wn:07394115n	CLOSE
wn:00208521n	DRIVE-BACK
wn:00169305n	DIRECT_AIM_MANEUVER
wn:01100658n	WORK
wn:07450343n	JOKE
wn:01037819n	COMMUNE
wn:01038375n	COMMUNE
wn:01077350n	PRECLUDE_FORBID_EXPEL
wn:00562398n	STOP
wn:07453924n	COMMUNE
wn:00272123n	WORSEN
wn:00394803n	REMOVE_TAKE-AWAY_KIDNAP
wn:00118733n	EXCRETE
wn:07376731n	SPEAK
wn:07376621n	MAKE-A-SOUND
wn:01214746n	INCITE_INDUCE
wn:00272303n	WORSEN
wn:00126584n	HIT
wn:07476623n	DEFEAT
wn:07454196n	COMMUNE
wn:00257770n	WASH_CLEAN
wn:00427853n	WASH_CLEAN
wn:00442437n	WASH_CLEAN
wn:00255214n	WASH_CLEAN
wn:00958896n	FIGHT
wn:00964343n	FIGHT
wn:07376836n	MAKE-A-SOUND
wn:07320302n	GIVE-BIRTH
wn:00107551n	HIT
wn:00042541n	GIVE-BIRTH
wn:00830257n	DRESS_WEAR
wn:00974762n	ATTACK_BOMB
wn:00282485n	PERSUADE
wn:01176219n	DEFEAT
wn:01160729n	HIT
wn:07401726n	MOVE-ONESELF
wn:07400906n	MOVE-ONESELF
wn:00314094n	MOVE-ONESELF
wn:07397955n	MAKE-A-SOUND
wn:07397761n	MAKE-A-SOUND
wn:00751779n	DECEIVE
wn:00961001n	DRIVE-BACK
wn:00980779n	DRIVE-BACK
wn:01265475n	CAUSE-MENTAL-STATE
wn:01040128n	APPROVE_PRAISE
wn:00374063n	STRENGTHEN_MAKE-RESISTANT
wn:07398276n	MAKE-A-SOUND
wn:00756780n	DECEIVE
wn:00276813n	DIRTY
wn:07187996n	ASK_REQUEST
wn:07187773n	ASK_REQUEST
wn:01150467n	STEAL_DEPRIVE
wn:07290905n	BEGIN
wn:00276620n	DIRTY
wn:00758335n	CAUSE-MENTAL-STATE
wn:00754118n	DECEIVE
wn:00117578n	EXCRETE
wn:07436475n	EXPLODE
wn:01219893n	CRITICIZE
wn:07392280n	MAKE-A-SOUND
wn:00530554n	DANCE
wn:00405360n	BEND
wn:00107875n	BEND
wn:00404726n	SHAPE
wn:00405766n	LOWER
wn:07274425n	LOWER
wn:01226679n	HELP_HEAL_CARE_CURE
wn:07372565n	CAUSE-MENTAL-STATE
wn:00419644n	CAUSE-MENTAL-STATE
wn:01267135n	CAUSE-MENTAL-STATE
wn:07185325n	ASK_REQUEST
wn:00278555n	WET
wn:01086356n	GIVE_GIFT
wn:00749767n	BETRAY
wn:00451370n	MOVE-BY-MEANS-OF
wn:00786887n	TRY
wn:07186528n	ASK_REQUEST
wn:00134780n	HIT
wn:00388710n	SEPARATE_FILTER_DETACH
wn:00059127n	LEAVE_DEPART_RUN-AWAY
wn:07370968n	GO-FORWARD
wn:00510723n	EAT_BITE
wn:00759186n	EAT_BITE
wn:01073655n	EAT_BITE
wn:05740300n	ANALYZE
wn:07400361n	MAKE-A-SOUND
wn:07399917n	MAKE-A-SOUND
wn:00386450n	CUT
wn:01174988n	HURT_HARM_ACHE
wn:01055165n	STAY_DWELL
wn:01097739n	SELL
wn:07422506n	COLOR
wn:07204911n	REFUSE
wn:01224517n	JOKE
wn:07377473n	MAKE-A-SOUND
wn:00128867n	HIT
wn:00987863n	ATTACK_BOMB
wn:07408171n	ATTACK_BOMB
wn:00122661n	SHOOT_LAUNCH_PROPEL
wn:00122954n	SHOOT_LAUNCH_PROPEL
wn:00103590n	THROW
wn:00274009n	COLOR
wn:00403466n	HURT_HARM_ACHE
wn:07189411n	COMMUNE
wn:01043693n	COMMUNE
wn:07411645n	LIGHT_SHINE
wn:00975781n	ATTACK_BOMB
wn:01074498n	STOP
wn:01253379n	STOP
wn:00135504n	STOP
wn:00808767n	STOP
wn:01048912n	CLOUD_SHADOW_HIDE
wn:00742645n	WASTE
wn:07229530n	BEHAVE
wn:07230089n	BEHAVE
wn:07230227n	BEHAVE
wn:07318618n	BREAK_DETERIORATE
wn:07335917n	DISAPPEAR
wn:07292577n	DISAPPEAR
wn:07308563n	EXPLODE
wn:00377364n	EXPLODE
wn:00377686n	EXPLODE
wn:00394610n	CANCEL_ELIMINATE
wn:00608037n	PRINT
wn:00756598n	DECEIVE
wn:00272878n	WEAKEN
wn:00315390n	MOVE-BY-MEANS-OF
wn:00336274n	LOWER
wn:07274890n	LOWER
wn:00933000n	REPRESENT
wn:01152973n	COMMUNIZE
wn:00978413n	ATTACK_BOMB
wn:07365193n	FAIL_LOSE
wn:00270919n	PLAN_SCHEDULE
wn:07397355n	MAKE-A-SOUND
wn:00041614n	WORK
wn:00136329n	HIT
wn:00208797n	DISMISS_FIRE-SMN
wn:01167385n	FLATTER
wn:00748515n	DRINK
wn:00942799n	HOLE_PIERCE
wn:00923130n	HOLE_PIERCE
wn:00417397n	TOUCH
wn:00623862n	THINK
wn:07350192n	MOVE-BACK
wn:00119568n	GO-FORWARD
wn:01148614n	RESTRAIN
wn:00341109n	LOWER
wn:00396825n	REDUCE_DIMINISH
wn:00397010n	REDUCE_DIMINISH
wn:00322228n	INSERT
wn:01103788n	INSERT
wn:00206130n	REFUSE
wn:01266945n	STABILIZE_SUPPORT-PHYSICALLY
wn:00283450n	GO-FORWARD
wn:01203277n	THINK
wn:00195569n	DIVERSIFY
wn:07380473n	MAKE-A-SOUND
wn:01176431n	QUARREL_POLEMICIZE
wn:00770270n	VIOLATE
wn:00068901n	VIOLATE
wn:00745005n	VIOLATE
wn:07367548n	BREAK_DETERIORATE
wn:00059989n	LEAVE_DEPART_RUN-AWAY
wn:00785263n	VIOLATE
wn:00770543n	VIOLATE
wn:07215377n	REVEAL
wn:07213395n	REVEAL
wn:07214267n	REVEAL
wn:07214894n	REVEAL
wn:07421316n	BREAK_DETERIORATE
wn:07367812n	ALTERNATE
wn:01201429n	DISBAND_BREAK-UP
wn:00386676n	DISBAND_BREAK-UP
wn:07313814n	DISBAND_BREAK-UP
wn:00198793n	ASSIGN-smt-to-smn
wn:07361128n	BREAK_DETERIORATE
wn:00526412n	DANCE
wn:00500280n	BEGIN
wn:01063578n	STOP
wn:01062817n	STOP
wn:07435891n	HAPPEN_OCCUR
wn:07423560n	HAPPEN_OCCUR
wn:00912274n	DESTROY
wn:00385266n	DISBAND_BREAK-UP
wn:00060201n	LEAVE_DEPART_RUN-AWAY
wn:00055227n	LEAVE_DEPART_RUN-AWAY
wn:00173283n	LEAVE_DEPART_RUN-AWAY
wn:00058743n	LEAVE_DEPART_RUN-AWAY
wn:00623545n	WORK
wn:07435273n	BEGIN
wn:07434942n	BEGIN
wn:00975955n	HOLE_PIERCE
wn:07320176n	APPEAR
wn:00383952n	STOP
wn:07409121n	BREAK_DETERIORATE
wn:01058870n	NOURISH_FEED
wn:00842997n	NOURISH_FEED
wn:00914929n	GIVE-BIRTH
wn:00776262n	CORRUPT
wn:07217782n	TEACH
wn:07407272n	FLOW
wn:00329819n	FLOW
wn:11415842n	HAPPEN_OCCUR
wn:00327683n	LOWER
wn:00215683n	OPPOSE_REBEL_DISSENT
wn:00744758n	OBLIGE_FORCE
wn:00353782n	REDUCE_DIMINISH
wn:00522736n	SHOW
wn:07328756n	GROW_PLOW
wn:00912960n	PUBLISH
wn:01101958n	PUBLISH
wn:01103614n	PUBLISH
wn:07348399n	RAISE
wn:00116376n	RAISE
wn:06253518n	CIRCULATE_SPREAD_DISTRIBUTE
wn:06253140n	CIRCULATE_SPREAD_DISTRIBUTE
wn:00367768n	INCREASE_ENLARGE_MULTIPLY
wn:00246754n	COOK
wn:00126100n	HURT_HARM_ACHE
wn:01224031n	HURT_HARM_ACHE
wn:07223450n	SPEAK
wn:07413714n	TOUCH
wn:00203649n	REFUSE
wn:00891850n	STUDY
wn:00897811n	STUDY
wn:00733317n	TREAT
wn:07350069n	BEND
wn:00654400n	DECEIVE
wn:00911048n	MOUNT_ASSEMBLE_PRODUCE
wn:01104637n	MOUNT_ASSEMBLE_PRODUCE
wn:00372226n	INCREASE_ENLARGE_MULTIPLY
wn:00239024n	PREPARE
wn:07338681n	HIT
wn:00395199n	REMOVE_TAKE-AWAY_KIDNAP
wn:01250335n	KILL
wn:00222248n	KILL
wn:00220522n	KILL
wn:00128477n	HIT
wn:00781912n	STEAL_DEPRIVE
wn:00783063n	STEAL_DEPRIVE
wn:00785045n	STEAL_DEPRIVE
wn:07017999n	JOKE
wn:07302836n	DESTROY
wn:00403911n	BURN
wn:00378069n	BURN
wn:00378706n	BURN
wn:00668112n	BURN
wn:07451687n	BURY_PLANT
wn:01050627n	BURY_PLANT
wn:00266806n	REPAIR_REMEDY
wn:00138221n	TOUCH
wn:00376715n	SEPARATE_FILTER_DETACH
wn:00391086n	SEPARATE_FILTER_DETACH
wn:07353075n	DESTROY
wn:07335581n	DESTROY
wn:00217773n	DESTROY
wn:00223854n	KILL
wn:00223983n	KILL
wn:00620424n	KILL
wn:00149699n	JOIN_CONNECT
wn:00079018n	BUY
wn:00081572n	BUY
wn:00789906n	BUY
wn:00789534n	BUY
wn:07385803n	MAKE-A-SOUND
wn:01260008n	MAKE-A-SOUND
wn:07378437n	MAKE-A-SOUND
wn:00530874n	DANCE
wn:01233156n	VISIT
wn:01055954n	VISIT
wn:00164801n	DECREE_DECLARE
wn:00583246n	SUMMON
wn:07280072n	RECALL
wn:01218213n	RECALL
wn:01258719n	RECALL
wn:00232386n	CANCEL_ELIMINATE
wn:07231840n	FACE_CHALLENGE
wn:07169353n	SUMMON
wn:07472929n	COMPETE
wn:00968155n	ATTACK_BOMB
wn:01142843n	MOUNT_ASSEMBLE_PRODUCE
wn:01163047n	HIT
wn:00994623n	ATTACK_BOMB
wn:00321195n	INSERT
wn:01040390n	APPROVE_PRAISE
wn:01254882n	PERFORM
wn:01254978n	PERFORM
wn:00544842n	PERFORM
wn:00951626n	BENEFIT_EXPLOIT
wn:00952214n	CALCULATE_ESTIMATE
wn:08427629n	MOVE-BY-MEANS-OF
wn:00658082n	HELP_HEAL_CARE_CURE
wn:00144778n	TOUCH
wn:00227484n	STEAL_DEPRIVE
wn:00546613n	SING
wn:00511041n	ENJOY
wn:00607775n	WORK
wn:00978993n	ATTACK_BOMB
wn:00372977n	POSSESS
wn:00478647n	SHOOT_LAUNCH_PROPEL
wn:07293180n	MANAGE
wn:01136265n	MANAGE
wn:00211593n	FINISH_CONCLUDE_END
wn:00114871n	PULL
wn:01106118n	CARRY_TRANSPORT
wn:06616464n	PAINT
wn:00434657n	PERFORM
wn:00385791n	SEPARATE_FILTER_DETACH
wn:00322488n	ENCLOSE_WRAP
wn:00454624n	THROW
wn:00161603n	ASSIGN-smt-to-smn
wn:00284409n	TRAVEL
wn:00297062n	TRAVEL
wn:00508091n	CHOOSE
wn:01245813n	CHOOSE
wn:00931608n	SPEAK
wn:00091234n	DISCARD
wn:00166552n	PLAY_SPORT/GAME
wn:00692349n	CASTRATE
wn:00107016n	THROW
wn:00723241n	CATCH
wn:00378479n	BURN
wn:07322769n	REACH
wn:07194293n	ANALYZE
wn:07378569n	MAKE-A-SOUND
wn:00321562n	INSERT
wn:01261974n	INCITE_INDUCE
wn:00523513n	BEHAVE
wn:00429322n	BEHAVE
wn:07378682n	MAKE-A-SOUND
wn:07362075n	FINISH_CONCLUDE_END
wn:07291794n	FINISH_CONCLUDE_END
wn:07291312n	FINISH_CONCLUDE_END
wn:00210518n	FINISH_CONCLUDE_END
wn:00213343n	GIVE_GIFT
wn:07450842n	BEHAVE
wn:00653388n	COUNT
wn:01015175n	AMASS
wn:01237872n	AMASS
wn:00535557n	DANCE
wn:01256743n	LEAD_GOVERN
wn:07193405n	FACE_CHALLENGE
wn:07231294n	COMPETE
wn:07208565n	CRITICIZE
wn:00279136n	EAT_BITE
wn:01093380n	CONVERT
wn:01093085n	CONVERT
wn:01109467n	REPLACE
wn:00346693n	INVERT_REVERSE
wn:00234892n	INVERT_REVERSE
wn:00195415n	CHANGE_SWITCH
wn:00201671n	TRANSMIT
wn:00815173n	DIRECT_AIM_MANEUVER
wn:07201562n	REPRESENT
wn:00536359n	DANCE
wn:00487874n	CHASE
wn:00320284n	CHASE
wn:07378952n	CUT
wn:07378781n	MAKE-A-SOUND
wn:00752954n	DECEIVE
wn:00562935n	STOP
wn:00141669n	VERIFY
wn:00167764n	DEFEAT
wn:07379094n	MAKE-A-SOUND
wn:07379577n	MAKE-A-SOUND
wn:00278810n	EAT_BITE
wn:07398097n	MAKE-A-SOUND
wn:00573530n	HIT
wn:00090779n	GIVE_GIFT
wn:00787465n	GIVE_GIFT
wn:00161243n	CHOOSE
wn:00566889n	HIT
wn:00129317n	HIT
wn:07379695n	SPEAK
wn:07355347n	CHANGE-APPEARANCE/STATE
wn:07379852n	MAKE-A-SOUND
wn:01032368n	COMMUNE
wn:00303849n	FALL_SLIDE-DOWN
wn:00615887n	CONVERT
wn:00614489n	CONVERT
wn:06253371n	GIVE_GIFT
wn:00395654n	CUT
wn:01031194n	CUT
wn:00296263n	TRAVEL
wn:00741685n	ABSTAIN_AVOID_REFRAIN
wn:00342424n	TURN_CHANGE-DIRECTION
wn:01030642n	CITE
wn:07169098n	SUMMON
wn:07381100n	MAKE-A-SOUND
wn:01061945n	ASK_REQUEST
wn:00325502n	RAISE
wn:00808967n	PRECLUDE_FORBID_EXPEL
wn:01148182n	PRECLUDE_FORBID_EXPEL
wn:00076393n	MAKE-A-SOUND
wn:07232655n	EXPLAIN
wn:07301543n	HIT
wn:07302542n	HIT
wn:07183000n	DISTINGUISH_DIFFER
wn:00812526n	CATCH
wn:01148904n	RESTRAIN
wn:00580370n	WASH_CLEAN
wn:00391407n	CUT
wn:00386345n	CUT
wn:00619230n	WORK
wn:00112828n	HIT
wn:00344699n	MAKE-A-SOUND
wn:07394236n	MAKE-A-SOUND
wn:07417043n	FINISH_CONCLUDE_END
wn:00359614n	CUT
wn:00360143n	CUT
wn:07395957n	MAKE-A-SOUND
wn:00530208n	DANCE
wn:07390307n	MAKE-A-SOUND
wn:00210797n	FINISH_CONCLUDE_END
wn:00812274n	CATCH
wn:00181191n	CO-OPT
wn:00164999n	CO-OPT
wn:00270800n	TEACH
wn:00617865n	REPAIR_REMEDY
wn:00290125n	MOVE-ONESELF
wn:01009507n	SORT_CLASSIFY_ARRANGE
wn:01127245n	OBLIGE_FORCE
wn:00156812n	OBLIGE_FORCE
wn:00290406n	MOVE-ONESELF
wn:01054876n	STAY_DWELL
wn:00940560n	CREATE_MATERIALIZE
wn:00909796n	CREATE_MATERIALIZE
wn:00133981n	KNOCK-DOWN
wn:00411384n	ALLY_ASSOCIATE_MARRY
wn:01202904n	ALLY_ASSOCIATE_MARRY
wn:01205341n	DECEIVE
wn:00651531n	COMPARE
wn:01014607n	SORT_CLASSIFY_ARRANGE
wn:01152787n	COMMUNIZE
wn:01000276n	ADJUST_CORRECT
wn:00161739n	COLOR
wn:00274941n	CHANGE_SWITCH
wn:00256746n	STRAIGHTEN
wn:00946806n	SEARCH
wn:00090610n	REMOVE_TAKE-AWAY_KIDNAP
wn:00062133n	CAUSE-MENTAL-STATE
wn:07283608n	HAPPEN_OCCUR
wn:07314277n	HAPPEN_OCCUR
wn:00147187n	MEET
wn:07363346n	LOWER
wn:07370270n	LOWER
wn:07370125n	ENTER
wn:01052215n	INSERT
wn:00061171n	RAISE
wn:01211667n	MAKE-RELAX
wn:07169848n	ORDER
wn:00783199n	STEAL_DEPRIVE
wn:00769944n	STEAL_DEPRIVE
wn:00783527n	STEAL_DEPRIVE
wn:00239910n	BEGIN
wn:01112420n	SELL
wn:00951781n	SELL
wn:01097292n	SELL
wn:01140471n	ASSIGN-smt-to-smn
wn:00625427n	VIOLATE
wn:00773235n	VIOLATE
wn:01206153n	FOCUS
wn:01206553n	FOCUS
wn:01044448n	FOCUS
wn:01099436n	LEND
wn:01239868n	LEND
wn:01036333n	COMMUNE
wn:06252743n	SPEAK
wn:01151788n	COMMUNIZE
wn:01153139n	COMMUNIZE
wn:00315700n	GO-FORWARD
wn:00339646n	MESS
wn:00870312n	MESS
wn:00339776n	MESS
wn:01165919n	CONVERT
wn:01166258n	CONVERT
wn:00616083n	PRESS_PUSH_FOLD
wn:00356790n	PRESS_PUSH_FOLD
wn:01149911n	PRESS_PUSH_FOLD
wn:00369399n	PRESS_PUSH_FOLD
wn:00113113n	PRESS_PUSH_FOLD
wn:00369802n	PRESS_PUSH_FOLD
wn:00142665n	COMPARE
wn:00185307n	COMPARE
wn:01129920n	OBLIGE_FORCE
wn:00259894n	PAY
wn:01121855n	PAY
wn:01168569n	COMPETE
wn:07208708n	SPEAK
wn:00557419n	ACHIEVE
wn:07423899n	COMPLEXIFY
wn:00939452n	CREATE_MATERIALIZE
wn:00929718n	CREATE_MATERIALIZE
wn:00941451n	PLAN_SCHEDULE
wn:00374224n	INCREASE_ENLARGE_MULTIPLY
wn:00876874n	PERCEIVE
wn:01205564n	SETTLE_CONCILIATE
wn:00102779n	AUTOMATIZE
wn:00146443n	ATTACH
wn:01231980n	GROUP
wn:06892775n	PERFORM
wn:01205827n	SETTLE_CONCILIATE
wn:00209943n	FINISH_CONCLUDE_END
wn:07375053n	COMBINE_MIX_UNITE
wn:07409930n	MOVE-SOMETHING
wn:07411490n	MOVE-SOMETHING
wn:07233214n	AFFIRM
wn:01223257n	SUBJECTIVE-JUDGING
wn:01189282n	DECREE_DECLARE
wn:01149303n	OBLIGE_FORCE
wn:00625551n	REPAIR_REMEDY
wn:01227351n	JUSTIFY_EXCUSE
wn:01039307n	RECOGNIZE_ADMIT_IDENTIFY
wn:01146576n	CAGE_IMPRISON
wn:01161635n	CAGE_IMPRISON
wn:00072473n	MISTAKE
wn:07231728n	FACE_CHALLENGE
wn:00651670n	FACE_CHALLENGE
wn:07181043n	SEE
wn:00379754n	MESS
wn:07201105n	PROVE
wn:00536516n	DANCE
wn:00216607n	LOWER
wn:06633896n	APPROVE_PRAISE
wn:01231686n	MEET
wn:07478318n	SLEEP
wn:00148978n	JOIN_CONNECT
wn:00316989n	JOIN_CONNECT
wn:00201923n	PRECLUDE_FORBID_EXPEL
wn:00165298n	ASSIGN-smt-to-smn
wn:00819274n	PRESERVE
wn:07419599n	PRESERVE
wn:00267522n	PRESERVE
wn:00878648n	SEE
wn:01229793n	TAKE-INTO-ACCOUNT_CONSIDER
wn:00317917n	SEND
wn:07374633n	CHANGE-APPEARANCE/STATE
wn:00284544n	TRAVEL
wn:07313518n	PRESS_PUSH_FOLD
wn:00923444n	MOUNT_ASSEMBLE_PRODUCE
wn:00912001n	MOUNT_ASSEMBLE_PRODUCE
wn:00924825n	MOUNT_ASSEMBLE_PRODUCE
wn:00873381n	PAINT
wn:00743822n	WASTE
wn:00356199n	CONSUME_SPEND
wn:00061792n	HAVE-SEX
wn:06261260n	COMMUNICATE_CONTACT
wn:00039297n	COMMUNICATE_CONTACT
wn:00276987n	DIRTY
wn:00878926n	THINK
wn:01168961n	CRITICIZE
wn:00446493n	FIGHT
wn:00539121n	DANCE
wn:00077981n	CONTRACT-AN-ILLNESS_INFECT
wn:07313004n	REDUCE_DIMINISH
wn:00407407n	REDUCE_DIMINISH
wn:00651813n	DISTINGUISH_DIFFER
wn:00940709n	CREATE_MATERIALIZE
wn:00803617n	MANAGE
wn:00155298n	PROVE
wn:01230850n	SUMMON
wn:01159776n	REPRESENT
wn:00400083n	CONVERT
wn:07355194n	CHANGE-APPEARANCE/STATE
wn:00189106n	SCORE
wn:06252954n	INFORM
wn:01108402n	CHANGE-HANDS
wn:00404959n	ROLL
wn:00753472n	DECEIVE
wn:00827974n	ACCOMPANY
wn:08417801n	ACCOMPANY
wn:00575083n	TRAVEL
wn:00345817n	TRAVEL
wn:07381329n	MAKE-A-SOUND
wn:00243918n	COOK
wn:00750890n	FAKE
wn:00752298n	FAKE
wn:00780889n	STEAL_DEPRIVE
wn:00069060n	CHOOSE
wn:01020936n	SIMULATE
wn:00343606n	GO-FORWARD
wn:14445072n	MANAGE
wn:01161821n	PUNISH
wn:00898518n	REPRESENT
wn:00406485n	PRESS_PUSH_FOLD
wn:00272448n	DEBASE_ADULTERATE
wn:00272713n	DEBASE_ADULTERATE
wn:00273319n	DEBASE_ADULTERATE
wn:01249616n	DEBASE_ADULTERATE
wn:07412668n	LIGHT_SHINE
wn:00118552n	EXCRETE
wn:00653518n	COUNT
wn:00233386n	COMPENSATE
wn:01244895n	DESTROY
wn:00978173n	ATTACK_BOMB
wn:01184407n	ASK_REQUEST
wn:00768921n	FAKE
wn:01077190n	DESTROY
wn:00389610n	GROUP
wn:00453126n	HUNT
wn:07188685n	COURT
wn:01229223n	FLATTER
wn:01196316n	SUBJECTIVE-JUDGING
wn:00297532n	REACH
wn:00313245n	REACH
wn:00296946n	REACH
wn:00988893n	DIRECT_AIM_MANEUVER
wn:01050187n	CLOUD_SHADOW_HIDE
wn:00754767n	DECEIVE
wn:07381678n	MAKE-A-SOUND
wn:07382414n	MAKE-A-SOUND
wn:00606370n	MOUNT_ASSEMBLE_PRODUCE
wn:07301950n	BREAK_DETERIORATE
wn:00126236n	BREAK_DETERIORATE
wn:07478874n	STOP
wn:00759335n	REQUIRE_NEED_WANT_HOPE
wn:00294868n	TRAVEL
wn:00330035n	TRAVEL
wn:07312503n	TRAVEL
wn:00570366n	MOVE-ONESELF
wn:07395623n	MAKE-A-SOUND
wn:07393161n	MAKE-A-SOUND
wn:07381864n	MAKE-A-SOUND
wn:01262574n	REMOVE_TAKE-AWAY_KIDNAP
wn:00378880n	BURN
wn:00911572n	MOUNT_ASSEMBLE_PRODUCE
wn:00476389n	PLAY_SPORT/GAME
wn:00246552n	COOK
wn:07211092n	OPPOSE_REBEL_DISSENT
wn:00909565n	SEW
wn:07385249n	MAKE-A-SOUND
wn:00547101n	SING
wn:00546972n	SING
wn:00466880n	PLAY_SPORT/GAME
wn:00146111n	OVERLAP
wn:07438792n	HAVE-SEX
wn:07437372n	HAVE-SEX
wn:07194950n	ASK_REQUEST
wn:00344942n	LIE
wn:00630071n	LIE
wn:07382286n	MAKE-A-SOUND
wn:01165337n	KILL
wn:07393500n	MAKE-A-SOUND
wn:00968715n	ATTACK_BOMB
wn:00421047n	SUBJUGATE
wn:07382572n	MAKE-A-SOUND
wn:00714357n	GROUP
wn:00920956n	HARMONIZE
wn:00698794n	HELP_HEAL_CARE_CURE
wn:00461611n	PLAY_SPORT/GAME
wn:00208277n	DRIVE-BACK
wn:01263257n	TURN_CHANGE-DIRECTION
wn:07411350n	TURN_CHANGE-DIRECTION
wn:00288190n	JUMP
wn:00386915n	CUT
wn:00387657n	CUT
wn:00074624n	MISS_OMIT_LACK
wn:00359238n	SHAPE
wn:00489475n	SEPARATE_FILTER_DETACH
wn:00363052n	WEAKEN
wn:00388065n	CUT
wn:00222376n	KNOCK-DOWN
wn:00370261n	REDUCE_DIMINISH
wn:00451635n	MOVE-BY-MEANS-OF
wn:01145905n	WEAKEN
wn:00278040n	WET
wn:07448717n	DANCE
wn:07231943n	FACE_CHALLENGE
wn:00274437n	DIM
wn:00267217n	REPAIR_REMEDY
wn:00294452n	RUN
wn:00992331n	LOCATE-IN-TIME_DATE
wn:07326108n	BEGIN
wn:00355252n	WEAKEN
wn:00233795n	DISMISS_FIRE-SMN
wn:00040804n	MANAGE
wn:00079398n	WORK
wn:00209132n	STOP
wn:01077881n	STOP
wn:00058002n	LAND_GET-OFF
wn:07331210n	WEAKEN
wn:07220466n	TEACH
wn:00238022n	SHOW
wn:00935608n	SPILL_POUR
wn:01238058n	CIRCULATE_SPREAD_DISTRIBUTE
wn:00194414n	CONVERT
wn:00617059n	INTERPRET
wn:07242470n	PERFORM
wn:07242324n	CRITICIZE
wn:01149115n	LIBERATE_ALLOW_AFFORD
wn:00203342n	REFUSE
wn:07423001n	REDUCE_DIMINISH
wn:01082548n	LIBERATE_ALLOW_AFFORD
wn:00616641n	RESTORE-TO-PREVIOUS/INITIAL-STATE_UNDO_UNWIND
wn:00357451n	REDUCE_DIMINISH
wn:00394485n	WASH_CLEAN
wn:00670105n	REMOVE_TAKE-AWAY_KIDNAP
wn:07355887n	REDUCE_DIMINISH
wn:07383092n	BREAK_DETERIORATE
wn:01195380n	AUTHORIZE_ADMIT
wn:00871862n	REMOVE_TAKE-AWAY_KIDNAP
wn:00360757n	REMOVE_TAKE-AWAY_KIDNAP
wn:00361192n	RETAIN_KEEP_SAVE-MONEY
wn:00735832n	STEAL_DEPRIVE
wn:00776732n	STEAL_DEPRIVE
wn:13300411n	FAIL_LOSE
wn:07475364n	STOP
wn:07184391n	RESIST
wn:00116989n	THROW
wn:01066881n	DELAY
wn:01067192n	DELAY
wn:07368482n	HELP_HEAL_CARE_CURE
wn:00698959n	RESTORE-TO-PREVIOUS/INITIAL-STATE_UNDO_UNWIND
wn:00200041n	ABSTAIN_AVOID_REFRAIN
wn:00403334n	DEBASE_ADULTERATE
wn:00279674n	REMOVE_TAKE-AWAY_KIDNAP
wn:01262441n	REMOVE_TAKE-AWAY_KIDNAP
wn:07433973n	SHAPE
wn:00271636n	DOWNPLAY_HUMILIATE
wn:01073556n	CAUSE-MENTAL-STATE
wn:00938419n	PAINT
wn:00317207n	CARRY_TRANSPORT
wn:00213186n	GIVE_GIFT
wn:01108753n	GIVE_GIFT
wn:00093483n	HELP_HEAL_CARE_CURE
wn:00213482n	DRIVE-BACK
wn:00094001n	HELP_HEAL_CARE_CURE
wn:00106272n	THROW
wn:00702418n	FILL
wn:01061333n	ASK_REQUEST
wn:01061526n	ASK_REQUEST
wn:00521209n	SHOW
wn:06619065n	SHOW
wn:00520257n	SHOW
wn:01158190n	DISMISS_FIRE-SMN
wn:00218753n	DESTROY
wn:00155085n	REDUCE_DIMINISH
wn:01177703n	OPPOSE_REBEL_DISSENT
wn:07209089n	CRITICIZE
wn:07209533n	CRITICIZE
wn:01152033n	SELL
wn:07231048n	SIGNAL_INDICATE
wn:07204401n	REFUSE
wn:01198750n	REFUSE
wn:00042757n	LEAVE_DEPART_RUN-AWAY
wn:00194969n	DIVERSIFY
wn:00737399n	DIVERSIFY
wn:07366627n	DIVERSIFY
wn:00306102n	LEAVE_DEPART_RUN-AWAY
wn:07375635n	LEAVE_DEPART_RUN-AWAY
wn:00310201n	DIVERSIFY
wn:00932298n	CHANGE_SWITCH
wn:00900375n	SHOW
wn:00254597n	REMOVE_TAKE-AWAY_KIDNAP
wn:11492240n	REMOVE_TAKE-AWAY_KIDNAP
wn:07194499n	DECREE_DECLARE
wn:00207306n	DRIVE-BACK
wn:00207761n	DRIVE-BACK
wn:00208943n	DISMISS_FIRE-SMN
wn:00372448n	PUT_APPLY_PLACE_PAVE
wn:00353992n	DEBASE_ADULTERATE
wn:00805524n	DEBASE_ADULTERATE
wn:00353469n	REDUCE_DIMINISH
wn:00112674n	PRESS_PUSH_FOLD
wn:01150200n	STEAL_DEPRIVE
wn:00623670n	REPLACE
wn:07302267n	LEAVE_DEPART_RUN-AWAY
wn:00553173n	MESS
wn:00805337n	LIBERATE_ALLOW_AFFORD
wn:01109311n	CHANGE-HANDS
wn:01256124n	SING
wn:00746232n	VIOLATE
wn:00733483n	VIOLATE
wn:00746587n	VIOLATE
wn:00692130n	CASTRATE
wn:00928371n	CREATE_MATERIALIZE
wn:07330007n	DECREE_DECLARE
wn:14445226n	DESTROY
wn:00967157n	DESTROY
wn:07334876n	DESTROY
wn:00217014n	DESTROY
wn:00966599n	STEAL_DEPRIVE
wn:00966384n	DESTROY
wn:01159461n	MESS
wn:07356489n	MESS
wn:07335243n	DESTROY
wn:07202812n	EXPLAIN
wn:07137807n	EXPLAIN
wn:01076724n	OPPOSE_REBEL_DISSENT
wn:01076488n	OPPOSE_REBEL_DISSENT
wn:07245686n	PERSUADE
wn:00157081n	INFLUENCE
wn:00699320n	HELP_HEAL_CARE_CURE
wn:00699146n	REMOVE_TAKE-AWAY_KIDNAP
wn:01220754n	REDUCE_DIMINISH
wn:01152583n	CHANGE-APPEARANCE/STATE
wn:00883297n	TEACH
wn:00611433n	TEACH
wn:00264913n	AMELIORATE
wn:00354183n	WEAKEN
wn:01141160n	ASSIGN-smt-to-smn
wn:00152727n	ANALYZE
wn:00649760n	SEPARATE_FILTER_DETACH
wn:00389135n	SORT_CLASSIFY_ARRANGE
wn:07168623n	ORDER
wn:01070187n	DIET
wn:07181546n	DISTINGUISH_DIFFER
wn:07209305n	DISTINGUISH_DIFFER
wn:07181358n	DISTINGUISH_DIFFER
wn:07180787n	DISTINGUISH_DIFFER
wn:00870640n	CALCULATE_ESTIMATE
wn:00621476n	WORK
wn:00922327n	EXTRACT
wn:00135311n	PRESS_PUSH_FOLD
wn:00641522n	ANALYZE
wn:00709843n	GIVE_GIFT
wn:00365995n	INCREASE_ENLARGE_MULTIPLY
wn:07139151n	AMELIORATE
wn:07137950n	AMELIORATE
wn:00371487n	AMELIORATE
wn:00371314n	AMELIORATE
wn:07172756n	AMELIORATE
wn:01067362n	DELAY
wn:01075725n	DELAY
wn:07364434n	DIP_DIVE
wn:00442847n	DIP_DIVE
wn:01008801n	ORGANIZE
wn:01170175n	EXIST-WITH-FEATURE
wn:07255299n	PRECLUDE_FORBID_EXPEL
wn:07336104n	LEAVE_DEPART_RUN-AWAY
wn:00053609n	LEAVE_DEPART_RUN-AWAY
wn:00053806n	DISAPPEAR
wn:00230172n	DISAPPEAR
wn:07335716n	DISAPPEAR
wn:00068755n	FRUSTRATE_DISAPPOINT
wn:00874621n	REFUSE
wn:00385501n	DISBAND_BREAK-UP
wn:07205946n	REFUSE
wn:01082720n	DISBAND_BREAK-UP
wn:00206779n	DISMISS_FIRE-SMN
wn:00531490n	REMOVE_TAKE-AWAY_KIDNAP
wn:00359492n	CUT
wn:00095502n	LIBERATE_ALLOW_AFFORD
wn:00522537n	SHOW
wn:00385649n	SEPARATE_FILTER_DETACH
wn:00362103n	DEBASE_ADULTERATE
wn:01153548n	REFUSE
wn:00395333n	CANCEL_ELIMINATE
wn:07305760n	CANCEL_ELIMINATE
wn:00670703n	REMOVE_TAKE-AWAY_KIDNAP
wn:01140029n	STEAL_DEPRIVE
wn:01022824n	STEAL_DEPRIVE
wn:01082886n	STEAL_DEPRIVE
wn:07223170n	REVEAL
wn:00709521n	HELP_HEAL_CARE_CURE
wn:00251520n	WASH_CLEAN
wn:01022992n	STEAL_DEPRIVE
wn:07207860n	STEAL_DEPRIVE
wn:00044900n	EXTRACT
wn:01115017n	REDUCE_DIMINISH
wn:00396509n	REDUCE_DIMINISH
wn:00328885n	HURT_HARM_ACHE
wn:07445010n	HURT_HARM_ACHE
wn:07335097n	FLATTEN_SMOOTHEN
wn:07433510n	KILL
wn:01190172n	REFUSE
wn:01252800n	FALL_SLIDE-DOWN
wn:01179707n	OPPOSE_REBEL_DISSENT
wn:00552922n	MESS
wn:07207410n	DISCARD
wn:01142014n	EXEMPT
wn:00280586n	MOVE-SOMETHING
wn:00522145n	SHOW
wn:00387214n	OPEN
wn:00748307n	EXIST_LIVE
wn:07336214n	WEAKEN
wn:00936901n	PAINT
wn:00253270n	WASH_CLEAN
wn:07434102n	REPRESENT
wn:00073713n	REPRESENT
wn:01112885n	CIRCULATE_SPREAD_DISTRIBUTE
wn:00333829n	VIOLATE
wn:00383606n	SEPARATE_FILTER_DETACH
wn:00442981n	DIP_DIVE
wn:00979180n	ATTACK_BOMB
wn:01004072n	SEPARATE_FILTER_DETACH
wn:07439883n	DIVERSIFY
wn:00870912n	DIVIDE
wn:01201271n	DISBAND_BREAK-UP
wn:00097504n	CARRY-OUT-ACTION
wn:00255600n	WASH_CLEAN
wn:00584367n	WORK
wn:06616806n	RECORD
wn:00059895n	ABSTAIN_AVOID_REFRAIN
wn:00974224n	FIGHT
wn:01128390n	MANAGE
wn:01128655n	SUBJUGATE
wn:07334206n	DECREE_DECLARE
wn:00132756n	HIT
wn:01018630n	REPEAT
wn:01249060n	REPEAT
wn:00749991n	BETRAY
wn:00695717n	WASH_CLEAN
wn:01086744n	GIVE_GIFT
wn:00930736n	CREATE_MATERIALIZE
wn:00125315n	MOVE-ONESELF
wn:01062255n	CONSUME_SPEND
wn:00115667n	PULL
wn:00392093n	EXTRACT
wn:01262713n	REMOVE_TAKE-AWAY_KIDNAP
wn:00935940n	PAINT
wn:07353716n	SCORE
wn:00056688n	MOVE-BACK
wn:00341695n	PULL
wn:00392950n	REMOVE_TAKE-AWAY_KIDNAP
wn:00828559n	EMBELLISH
wn:00828862n	CONVERT
wn:07366799n	LEAVE_DEPART_RUN-AWAY
wn:00894359n	TEACH
wn:00299112n	MOVE-BY-MEANS-OF
wn:00362546n	SPOIL
wn:00327366n	DROP
wn:01122601n	CONSUME_SPEND
wn:00739270n	MISS_OMIT_LACK
wn:00137877n	SCORE
wn:01249991n	MOVE-BACK
wn:00545194n	PERFORM
wn:07383475n	PERFORM
wn:00252169n	WASH_CLEAN
wn:01172784n	FIGHT
wn:00248636n	CHANGE-TASTE
wn:01115589n	SELL
wn:00110554n	SCORE
wn:01019703n	COPY
wn:07422800n	REDUCE_DIMINISH
wn:00275424n	COLOR
wn:06279326n	COMMUNICATE_CONTACT
wn:00148836n	JOIN_CONNECT
wn:07402147n	MOVE-BACK
wn:07200290n	REPEAT
wn:07368646n	CLOUD_SHADOW_HIDE
wn:07432973n	FLOW
wn:07433145n	FLOW
wn:00054328n	CLOUD_SHADOW_HIDE
wn:00329943n	FLOW
wn:00114298n	TRAVEL
wn:00181781n	CHOOSE
wn:07245885n	WORK
wn:00799537n	WORK
wn:01047191n	CAUSE-MENTAL-STATE
wn:00952615n	LOAD_PROVIDE_CHARGE_FURNISH
wn:00714806n	LOAD_PROVIDE_CHARGE_FURNISH
wn:00228078n	KILL
wn:01165112n	KILL
wn:00395503n	REMOVE_TAKE-AWAY_KIDNAP
wn:00406007n	EXTEND
wn:00366521n	EXTEND
wn:00058608n	LEAVE_DEPART_RUN-AWAY
wn:01247413n	LIBERATE_ALLOW_AFFORD
wn:00787832n	LIBERATE_ALLOW_AFFORD
wn:01247807n	LIBERATE_ALLOW_AFFORD
wn:00058337n	CATCH_EMBARK
wn:00797878n	RISK
wn:01052450n	SECURE_FASTEN_TIE
wn:00677808n	SECURE_FASTEN_TIE
wn:01052618n	SECURE_FASTEN_TIE
wn:00056087n	LEAVE_DEPART_RUN-AWAY
wn:01217859n	HIRE
wn:00406365n	ENCLOSE_WRAP
wn:00099439n	ASK_REQUEST
wn:01227805n	EMBELLISH
wn:00796886n	TRY
wn:00431552n	CARRY-OUT-ACTION
wn:07338114n	OPERATE
wn:00949619n	CREATE_MATERIALIZE
wn:00938791n	CAVE_CARVE
wn:01103374n	CAVE_CARVE
wn:00265992n	AMELIORATE
wn:07170467n	ORDER
wn:00365709n	INCREASE_ENLARGE_MULTIPLY
wn:00065098n	ASSIGN-smt-to-smn
wn:00636728n	ANALYZE
wn:00264366n	AMELIORATE
wn:00089234n	SUBJUGATE
wn:00751398n	CATCH
wn:01199035n	CATCH
wn:07292694n	RESULT_CONSEQUENCE
wn:00384329n	PUT_APPLY_PLACE_PAVE
wn:00605023n	ASSIGN-smt-to-smn
wn:00671190n	REMOVE_TAKE-AWAY_KIDNAP
wn:00899927n	IMAGINE
wn:00483098n	SCORE
wn:01157138n	LOAD_PROVIDE_CHARGE_FURNISH
wn:00325631n	RAISE
wn:00366846n	INCREASE_ENLARGE_MULTIPLY
wn:00363260n	INCREASE_ENLARGE_MULTIPLY
wn:00204199n	MISS_OMIT_LACK
wn:00639975n	TRY
wn:00362862n	WEAKEN
wn:00274206n	WEAKEN
wn:00335653n	INVERT_REVERSE
wn:01194904n	DRIVE-BACK
wn:00691050n	REMOVE_TAKE-AWAY_KIDNAP
wn:01218932n	APPROVE_PRAISE
wn:00197772n	REPLACE
wn:00421437n	HURT_HARM_ACHE
wn:01227190n	PARDON
wn:01163779n	KILL
wn:06554078n	CARRY-OUT-ACTION
wn:00673710n	EMPTY_UNLOAD
wn:00521085n	SHOW
wn:00058519n	LEAVE_DEPART_RUN-AWAY
wn:00356367n	CONSUME_SPEND
wn:00639556n	TRY
wn:07232811n	EXPLAIN
wn:07116443n	PRONOUNCE
wn:07414068n	INCREASE_ENLARGE_MULTIPLY
wn:00623370n	BENEFIT_EXPLOIT
wn:00637354n	SEARCH
wn:00636921n	SEARCH
wn:00310063n	SEARCH
wn:00945777n	ANALYZE
wn:01111952n	SELL
wn:00157463n	SHOW
wn:00907340n	SHOW
wn:00204659n	GIVE-UP_ABOLISH_ABANDON
wn:07080868n	SPEAK
wn:07139873n	SPEAK
wn:00358528n	EXTRACT
wn:01106460n	SEND
wn:00086140n	STEAL_DEPRIVE
wn:00369532n	EXTEND
wn:00628692n	EXTEND
wn:00354583n	REDUCE_DIMINISH
wn:00932088n	CONVERT
wn:01061726n	STEAL_DEPRIVE
wn:00784388n	STEAL_DEPRIVE
wn:00358702n	SHAPE
wn:07432337n	EXCRETE
wn:00827379n	COVER_SPREAD_SURMOUNT
wn:00674158n	EMBELLISH
wn:00066397n	FAIL_LOSE
wn:00066636n	FAIL_LOSE
wn:07317764n	FAIL_LOSE
wn:07427728n	FAIL_LOSE
wn:01208597n	RESULT_CONSEQUENCE
wn:00068617n	WORSEN
wn:01150662n	HURT_HARM_ACHE
wn:00453731n	WORK
wn:00916464n	GENERATE
wn:01069980n	DIET
wn:00148057n	TIGHTEN
wn:01004961n	MEASURE_EVALUATE
wn:07290144n	CAUSE-MENTAL-STATE
wn:00804379n	SUBJUGATE
wn:01153305n	ALLY_ASSOCIATE_MARRY
wn:00140900n	TOUCH
wn:00143885n	ANALYZE
wn:00172073n	PRETEND
wn:01171644n	FIGHT
wn:00960851n	RESIST
wn:01106587n	CARRY_TRANSPORT
wn:07436352n	BEHAVE
wn:01207342n	LIKE
wn:01236173n	QUARREL_POLEMICIZE
wn:00931453n	CONVERT
wn:00788973n	TRY
wn:00153809n	DECIDE_DETERMINE
wn:00190783n	DECIDE_DETERMINE
wn:00925489n	EMBELLISH
wn:00811491n	RETAIN_KEEP_SAVE-MONEY
wn:01068012n	STOP
wn:00402535n	FILL
wn:01072565n	SATISFY_FULFILL
wn:01072984n	FEEL
wn:00908133n	RECORD
wn:06613686n	RECORD
wn:00907919n	RECORD
wn:00211462n	FINISH_CONCLUDE_END
wn:01191975n	DECREE_DECLARE
wn:01191158n	DECREE_DECLARE
wn:00045907n	OBTAIN
wn:01053207n	SIGNAL_INDICATE
wn:00718066n	PAINT
wn:00152338n	PRINT
wn:01261712n	AROUSE_WAKE_ENLIVEN
wn:00454121n	HUNT
wn:00453935n	HUNT
wn:01173826n	FIGHT
wn:01235463n	PUNISH
wn:01260182n	STABILIZE_SUPPORT-PHYSICALLY
wn:01143040n	PREPARE
wn:07349532n	MOVE-ONESELF
wn:00346095n	MOVE-ONESELF
wn:07345593n	MOVE-ONESELF
wn:07352048n	MOVE-ONESELF
wn:07287088n	APPEAR
wn:07412092n	LIGHT_SHINE
wn:00248368n	COOK
wn:00360242n	CUT
wn:00405628n	BEND
wn:07412310n	LIGHT_SHINE
wn:07338358n	THROW
wn:00171618n	DECEIVE
wn:01246086n	MOVE-SOMETHING
wn:00106104n	THROW
wn:00443231n	GO-FORWARD
wn:00134574n	HIT
wn:00327510n	FALL_SLIDE-DOWN
wn:00289267n	MOVE-ONESELF
wn:07389931n	PUT_APPLY_PLACE_PAVE
wn:00365012n	TREAT-WITH/BY
wn:00252430n	WASH_CLEAN
wn:00128638n	HIT
wn:00924438n	SHAPE
wn:00713135n	COVER_SPREAD_SURMOUNT
wn:00537682n	DANCE
wn:00211776n	HIT
wn:00708168n	HELP_HEAL_CARE_CURE
wn:00284665n	GO-FORWARD
wn:00291965n	MOVE-ONESELF
wn:00289175n	MOVE-ONESELF
wn:00945916n	SEARCH
wn:01066689n	ABSTAIN_AVOID_REFRAIN
wn:00974630n	ATTACK_BOMB
wn:00965404n	ATTACK_BOMB
wn:01058291n	NOURISH_FEED
wn:00942900n	EXTRACT
wn:00297657n	OVERCOME_SURPASS
wn:00090076n	REMOVE_TAKE-AWAY_KIDNAP
wn:07330666n	DECREE_DECLARE
wn:07225450n	WARN
wn:00925622n	MOUNT_ASSEMBLE_PRODUCE
wn:00927516n	BEGIN
wn:01009637n	AUTHORIZE_ADMIT
wn:00121645n	SEND
wn:00201269n	CHANGE-APPEARANCE/STATE
wn:07364573n	DIP_DIVE
wn:00453478n	HUNT
wn:00389508n	SEPARATE_FILTER_DETACH
wn:01081867n	BEFRIEND
wn:00937105n	PAINT
wn:00946060n	SEARCH
wn:00246940n	COOK
wn:07233304n	CRITICIZE
wn:00377907n	EXPLODE
wn:00075912n	FAIL_LOSE
wn:00712979n	TREAT-WITH/BY
wn:00577068n	OPERATE
wn:00229814n	DISMISS_FIRE-SMN
wn:00988320n	SHOOT_LAUNCH_PROPEL
wn:01262109n	INCITE_INDUCE
wn:00713250n	COVER_SPREAD_SURMOUNT
wn:00662681n	AROUSE_WAKE_ENLIVEN
wn:01162376n	CAGE_IMPRISON
wn:00328327n	CAGE_IMPRISON
wn:01146768n	CAGE_IMPRISON
wn:00879037n	SEE
wn:00918383n	WORK
wn:07384023n	SPEAK
wn:00224936n	ATTACK_BOMB
wn:00878456n	SEE
wn:00273077n	PUBLISH
wn:00922144n	GENERATE
wn:00268824n	EMBELLISH
wn:07275078n	LOWER
wn:07275489n	LOWER
wn:07324235n	GROW_PLOW
wn:00754593n	DIVIDE
wn:00334509n	SIGN
wn:00122338n	SEND
wn:06264398n	SEND
wn:00048225n	ACHIEVE
wn:00318035n	GIVE_GIFT
wn:01122037n	GIVE_GIFT
wn:07254267n	RESIGN_RETIRE
wn:01264447n	SPEAK
wn:00261972n	EMBELLISH
wn:00878221n	SEE
wn:00877625n	SEE
wn:07412478n	LIGHT_SHINE
wn:01015310n	GROUP
wn:00303495n	FLY
wn:00534344n	PERFORM
wn:00399717n	APPROVE_PRAISE
wn:07358377n	APPROVE_PRAISE
wn:00283127n	GO-FORWARD
wn:07309781n	GO-FORWARD
wn:07311115n	GO-FORWARD
wn:01184814n	ORGANIZE
wn:00048051n	EXIST-WITH-FEATURE
wn:00166172n	PLAY_SPORT/GAME
wn:07419792n	RESTORE-TO-PREVIOUS/INITIAL-STATE_UNDO_UNWIND
wn:01259211n	FAIL_LOSE
wn:07363883n	DIP_DIVE
wn:07116304n	PRESS_PUSH_FOLD
wn:07365524n	PRESS_PUSH_FOLD
wn:00897506n	CREATE_MATERIALIZE
wn:07384127n	MAKE-A-SOUND
wn:00464894n	PLAY_SPORT/GAME
wn:00127021n	PLAY_SPORT/GAME
wn:00291154n	MOVE-ONESELF
wn:00221178n	HURT_HARM_ACHE
wn:00806902n	ADJUST_CORRECT
wn:01010334n	SUBJECTIVE-JUDGING
wn:00912576n	ADJUST_CORRECT
wn:00874977n	SUBJECTIVE-JUDGING
wn:00693679n	PUT_APPLY_PLACE_PAVE
wn:00925866n	SHAPE
wn:07384344n	MAKE-A-SOUND
wn:01072780n	CAUSE-MENTAL-STATE
wn:07362830n	GO-FORWARD
wn:00926026n	CAVE_CARVE
wn:07392483n	MAKE-A-SOUND
wn:07384473n	MAKE-A-SOUND
wn:07384614n	MAKE-A-SOUND
wn:00730538n	WATCH_LOOK-OUT
wn:00815320n	PERSUADE
wn:00279235n	EAT_BITE
wn:00123430n	SHOOT_LAUNCH_PROPEL
wn:03387926n	SHOOT_LAUNCH_PROPEL
wn:00414179n	USE
wn:00551585n	BEHAVE
wn:01208460n	DIRECT_AIM_MANEUVER
wn:00140652n	TOUCH
wn:00614730n	WRITE
wn:01164874n	KILL
wn:00303748n	FLY
wn:07295047n	APPEAR
wn:07323024n	APPEAR
wn:07242912n	SPEAK
wn:00402789n	CHANGE-APPEARANCE/STATE
wn:00320625n	FOLLOW-IN-SPACE
wn:00809465n	POSSESS
wn:01116968n	SELL
wn:00105271n	THROW
wn:00324834n	RAISE
wn:01068633n	FACE_CHALLENGE
wn:07324917n	INCREASE_ENLARGE_MULTIPLY
wn:01043820n	LIKE
wn:01218766n	LIKE
wn:00288970n	TRAVEL
wn:00186634n	SCORE
wn:00109414n	ATTACK_BOMB
wn:00977301n	ATTACK_BOMB
wn:00811355n	RETAIN_KEEP_SAVE-MONEY
wn:01111236n	SELL
wn:00810598n	RETAIN_KEEP_SAVE-MONEY
wn:01017320n	STABILIZE_SUPPORT-PHYSICALLY
wn:01145359n	RETAIN_KEEP_SAVE-MONEY
wn:00808614n	RESTRAIN
wn:00955987n	RESIST
wn:01022292n	STOP
wn:01065805n	TRAVEL
wn:00132355n	SCORE
wn:00260494n	AMELIORATE
wn:00572285n	HIT
wn:00135799n	HIT
wn:00289906n	JUMP
wn:07449548n	JUMP
wn:01163429n	HIT
wn:00658627n	SEND
wn:00580961n	MANAGE
wn:07385548n	MAKE-A-SOUND
wn:07385367n	MAKE-A-SOUND
wn:01253944n	SING
wn:00264775n	CHANGE_SWITCH
wn:00406114n	BEND
wn:00945401n	SEARCH
wn:07469162n	JUMP
wn:00120515n	JUMP
wn:00290276n	GO-FORWARD
wn:07420538n	WORSEN
wn:00254415n	HELP_HEAL_CARE_CURE
wn:00369694n	EXTEND
wn:00390445n	WRITE
wn:00390735n	WRITE
wn:00677038n	REMOVE_TAKE-AWAY_KIDNAP
wn:00448640n	MOVE-BY-MEANS-OF
wn:01065441n	STOP
wn:01260309n	STOP
wn:01146288n	STOP
wn:00227969n	KILL
wn:00824054n	CHANGE-APPEARANCE/STATE
wn:00828990n	CHANGE-APPEARANCE/STATE
wn:00823884n	CHANGE-APPEARANCE/STATE
wn:00104249n	MOVE-SOMETHING
wn:00767477n	IMPLY
wn:01111750n	CARRY_TRANSPORT
wn:01214557n	CAUSE-MENTAL-STATE
wn:00248748n	FILL
wn:00889082n	TEACH
wn:00113532n	PRINT
wn:00086654n	REMOVE_TAKE-AWAY_KIDNAP
wn:00243373n	BEGIN
wn:07329568n	BEGIN
wn:07286014n	BEGIN
wn:00678010n	CAVE_CARVE
wn:01238267n	COMBINE_MIX_UNITE
wn:07356676n	INCREASE_ENLARGE_MULTIPLY
wn:00658796n	DEVELOP_AGE
wn:00078217n	RISK
wn:01240064n	RISK
wn:00072691n	RISK
wn:00406234n	BEND
wn:00406939n	CUT
wn:01013156n	LOAD_PROVIDE_CHARGE_FURNISH
wn:00805868n	ADJUST_CORRECT
wn:00888796n	TEACH
wn:00923802n	AMELIORATE
wn:07212190n	INFORM
wn:00323532n	INSERT
wn:01019129n	REPEAT
wn:01019372n	REPEAT
wn:00083585n	OBTAIN
wn:00697365n	INSERT
wn:00322634n	INSERT
wn:00403783n	HURT_HARM_ACHE
wn:07313636n	HURT_HARM_ACHE
wn:00744443n	HURT_HARM_ACHE
wn:07340249n	HURT_HARM_ACHE
wn:00615011n	RECORD
wn:00919692n	GROW_PLOW
wn:00662972n	SHOW
wn:00652069n	ANALYZE
wn:00321731n	INSERT
wn:00173761n	LOAD_PROVIDE_CHARGE_FURNISH
wn:00097348n	LOAD_PROVIDE_CHARGE_FURNISH
wn:00939818n	CREATE_MATERIALIZE
wn:00827010n	PROTECT
wn:00871418n	CALCULATE_ESTIMATE
wn:00163233n	PLAN_SCHEDULE
wn:00374677n	INCREASE_ENLARGE_MULTIPLY
wn:00039021n	BEHAVE
wn:01078279n	CATCH
wn:00145929n	JOIN_CONNECT
wn:01073995n	INSERT
wn:00381326n	ALTERNATE
wn:00520880n	PERFORM
wn:01151605n	LEAD_GOVERN
wn:00975658n	COMBINE_MIX_UNITE
wn:06893565n	PERFORM
wn:07280599n	TRANSMIT
wn:00909672n	WEAVE
wn:00049636n	VIOLATE
wn:01133106n	ATTACK_BOMB
wn:00976531n	ATTACK_BOMB
wn:07332313n	ATTACK_BOMB
wn:00233212n	CANCEL_ELIMINATE
wn:01011425n	RECORD
wn:00335814n	INVERT_REVERSE
wn:01135795n	WATCH_LOOK-OUT
wn:00581090n	PRESS_PUSH_FOLD
wn:00278403n	WET
wn:01057631n	WET
wn:00695448n	WET
wn:07416107n	CONVERT
wn:01060234n	LOAD_PROVIDE_CHARGE_FURNISH
wn:00135952n	HIT
wn:07243193n	SPEAK
wn:00444340n	DIP_DIVE
wn:07385998n	MAKE-A-SOUND
wn:07339098n	MOVE-SOMETHING
wn:00308370n	TRAVEL
wn:00311809n	TRAVEL
wn:00538991n	DANCE
wn:00347359n	MOVE-SOMETHING
wn:00532441n	DANCE
wn:00509846n	CELEBRATE_PARTY
wn:00510189n	CELEBRATE_PARTY
wn:00114095n	MOVE-SOMETHING
wn:00295701n	TRAVEL
wn:00306426n	TRAVEL
wn:00309368n	TRAVEL
wn:00338994n	MANAGE
wn:00562179n	PLAY_SPORT/GAME
wn:00099799n	PLAY_SPORT/GAME
wn:07414222n	INCREASE_ENLARGE_MULTIPLY
wn:00312160n	TRAVEL
wn:00407090n	BULGE-OUT
wn:00134099n	KNOCK-DOWN
wn:01072236n	CAUSE-MENTAL-STATE
wn:01205010n	HARMONIZE
wn:00818466n	WATCH_LOOK-OUT
wn:00810794n	REFUSE
wn:00420712n	SUBJUGATE
wn:01096454n	ATTEND
wn:00336805n	HIT
wn:07350754n	DRIVE-BACK
wn:00219012n	KILL
wn:07361576n	KILL
wn:00217593n	SWITCH-OFF_TURN-OFF_SHUT-DOWN
wn:00138078n	TOUCH
wn:00337078n	LOWER
wn:00909471n	SEW
wn:07396658n	TOUCH
wn:00052334n	LAND_GET-OFF
wn:00921160n	EMBELLISH
wn:07396414n	MOVE-ONESELF
wn:01162784n	HIT
wn:00134472n	HIT
wn:00299680n	CATCH
wn:00696487n	WASH_CLEAN
wn:01010901n	PLAN_SCHEDULE
wn:00485998n	JUMP
wn:07240549n	SPEAK
wn:00892861n	SPEAK
wn:01125693n	AUTHORIZE_ADMIT
wn:01195584n	AUTHORIZE_ADMIT
wn:07419960n	REDUCE_DIMINISH
wn:01158064n	ORGANIZE
wn:13507617n	MOVE-ONESELF
wn:00750405n	STEAL_DEPRIVE
wn:00966504n	STEAL_DEPRIVE
wn:07371168n	LEAVE_DEPART_RUN-AWAY
wn:00148242n	ATTACH
wn:00651954n	CARRY_TRANSPORT
wn:01144716n	PREPARE
wn:00827240n	FILL
wn:01068423n	LEAVE_DEPART_RUN-AWAY
wn:00882554n	READ
wn:00569361n	HIT
wn:00120804n	HIT
wn:00313385n	OVERCOME_SURPASS
wn:00202620n	PRECLUDE_FORBID_EXPEL
wn:01054335n	STAY_DWELL
wn:00086809n	STAY_DWELL
wn:00581772n	CUT
wn:01110063n	CORRUPT
wn:00877127n	SEE
wn:00946650n	SEARCH
wn:00881545n	WATCH_LOOK-OUT
wn:00169811n	FLY
wn:00147862n	UNFASTEN_UNFOLD
wn:00149262n	UNFASTEN_UNFOLD
wn:07386821n	MAKE-A-SOUND
wn:00716945n	PUT_APPLY_PLACE_PAVE
wn:00447361n	MOVE-BY-MEANS-OF
wn:00447221n	MOVE-BY-MEANS-OF
wn:00337210n	GO-FORWARD
wn:07476495n	DEFEAT
wn:07476282n	DEFEAT
wn:01027662n	DISMISS_FIRE-SMN
wn:00224599n	KILL
wn:00318186n	SEND
wn:00160532n	COURT
wn:00160688n	COURT
wn:00755500n	PERFORM
wn:07387509n	MAKE-A-SOUND
wn:00269674n	RENEW
wn:00660570n	RENEW
wn:07390645n	MAKE-A-SOUND
wn:07318476n	BREAK_DETERIORATE
wn:00741272n	ABSTAIN_AVOID_REFRAIN
wn:00538668n	DANCE
wn:01135529n	WATCH_LOOK-OUT
wn:01140658n	ASSIGN-smt-to-smn
wn:00959992n	DIRECT_AIM_MANEUVER
wn:00955060n	DIRECT_AIM_MANEUVER
wn:00660783n	EMBELLISH
wn:00871576n	INCREASE_ENLARGE_MULTIPLY
wn:01024643n	FIND
wn:00263642n	SIGNAL_INDICATE
wn:00064789n	ESTABLISH
wn:00390198n	WRITE
wn:00082081n	SELL
wn:07452074n	EMCEE
wn:07289588n	CAUSE-MENTAL-STATE
wn:00756194n	DECEIVE
wn:07470671n	FACE_CHALLENGE
wn:07465290n	FACE_CHALLENGE
wn:01248608n	RECORD
wn:07386920n	SPEAK
wn:00367066n	INCREASE_ENLARGE_MULTIPLY
wn:01003570n	MEASURE_EVALUATE
wn:00102927n	LOAD_PROVIDE_CHARGE_FURNISH
wn:00201516n	VIOLATE
wn:00664110n	HELP_HEAL_CARE_CURE
wn:00612160n	HELP_HEAL_CARE_CURE
wn:00497060n	DECREE_DECLARE
wn:07386614n	MAKE-A-SOUND
wn:01238424n	COMBINE_MIX_UNITE
wn:00146856n	COMBINE_MIX_UNITE
wn:00399846n	CHANGE-APPEARANCE/STATE
wn:00402308n	CHANGE-APPEARANCE/STATE
wn:00194645n	CONVERT
wn:00931300n	CREATE_MATERIALIZE
wn:01123095n	GO-FORWARD
wn:07312616n	GO-FORWARD
wn:00550016n	SIGN
wn:00353249n	REDUCE_DIMINISH
wn:00961962n	PUT_APPLY_PLACE_PAVE
wn:01082350n	PARTICIPATE
wn:00360601n	PAINT
wn:01209220n	HELP_HEAL_CARE_CURE
wn:00949516n	APPLY
wn:00732746n	BEHAVE
wn:00735936n	BEHAVE
wn:00230475n	EXCRETE
wn:01134479n	MANAGE
wn:01134330n	MANAGE
wn:00653719n	COUNT
wn:07367091n	CREATE_MATERIALIZE
wn:01085567n	CIRCULATE_SPREAD_DISTRIBUTE
wn:07421749n	FAIL_LOSE
wn:01125562n	LEAD_GOVERN
wn:00072068n	PLAY_SPORT/GAME
wn:07319774n	MISS_OMIT_LACK
wn:00340463n	MESS
wn:01224700n	JOKE
wn:00937895n	MOUNT_ASSEMBLE_PRODUCE
wn:00344421n	WORK
wn:00200379n	ADJUST_CORRECT
wn:06281295n	CHANGE_SWITCH
wn:00773047n	ATTACK_BOMB
wn:00154689n	AUTHORIZE_ADMIT
wn:00880046n	WATCH_LOOK-OUT
wn:01128806n	POSSESS
wn:00252020n	WASH_CLEAN
wn:00265773n	INCREASE_ENLARGE_MULTIPLY
wn:00527498n	DANCE
wn:00195194n	DIVERSIFY
wn:00325785n	RAISE
wn:07139316n	SPEAK
wn:00331950n	MOVE-SOMETHING
wn:00309115n	TRAVEL
wn:07215816n	SHOW
wn:00774009n	STEAL_DEPRIVE
wn:07425011n	CHANGE-APPEARANCE/STATE
wn:00963896n	OPPOSE_REBEL_DISSENT
wn:07222823n	SPEAK
wn:01152300n	CHANGE_SWITCH
wn:00084642n	CONVERT
wn:01187620n	CHANGE-APPEARANCE/STATE
wn:00312784n	GO-FORWARD
wn:00312553n	GO-FORWARD
wn:01105737n	GO-FORWARD
wn:07387316n	MAKE-A-SOUND
wn:00909386n	SEW
wn:00357023n	PRESS_PUSH_FOLD
wn:07240925n	PROPOSE
wn:00615182n	WRITE
wn:00665358n	NOURISH_FEED
wn:00196848n	RENEW
wn:07230959n	READ
wn:00665079n	HELP_HEAL_CARE_CURE
wn:00336561n	MOVE-ONESELF
wn:01167146n	OBEY
wn:00274586n	COMPLEXIFY
wn:00077856n	OBTAIN
wn:01041498n	GIVE_GIFT
wn:00714173n	EMPTY_UNLOAD
wn:07395777n	MAKE-A-SOUND
wn:00535732n	DANCE
wn:00338641n	OPEN
wn:00383390n	OPEN
wn:07452699n	BEGIN
wn:07326369n	BEGIN
wn:01136985n	MANAGE
wn:01095966n	MANAGE
wn:00671351n	HELP_HEAL_CARE_CURE
wn:00202284n	OPPOSE_REBEL_DISSENT
wn:00420477n	HURT_HARM_ACHE
wn:00260051n	AMELIORATE
wn:07279687n	ASK_REQUEST
wn:00242583n	ALLY_ASSOCIATE_MARRY
wn:07341038n	MOVE-ONESELF
wn:00345926n	MOVE-ONESELF
wn:07345166n	MOVE-ONESELF
wn:00047356n	ACHIEVE
wn:00093127n	EARN
wn:00951433n	USE
wn:00633717n	EXHAUST
wn:00907500n	SHOW
wn:00157687n	SHOW
wn:11515644n	EXHAUST
wn:01059096n	NOURISH_FEED
wn:07310642n	OVERCOME_SURPASS
wn:01121390n	PAY
wn:00820721n	PROTECT
wn:01185981n	DEFEAT
wn:00281898n	OVERCOME_SURPASS
wn:01212037n	SIMPLIFY
wn:00744862n	OVERCOME_SURPASS
wn:00289555n	TRAVEL
wn:00936620n	PAINT
wn:00609236n	PAINT
wn:00717208n	PAINT
wn:00718573n	COVER_SPREAD_SURMOUNT
wn:08428485n	TRAVEL
wn:00718689n	EMBELLISH
wn:00168505n	MOVE-SOMETHING
wn:01257701n	LIBERATE_ALLOW_AFFORD
wn:01201021n	DISBAND_BREAK-UP
wn:07447641n	CELEBRATE_PARTY
wn:07176499n	SUBJECTIVE-JUDGING
wn:00254166n	HEAT
wn:00824808n	WATCH_LOOK-OUT
wn:01153861n	FOLLOW_SUPPORT_SPONSOR_FUND
wn:07389757n	MAKE-A-SOUND
wn:07389170n	MAKE-A-SOUND
wn:00717081n	PUT_APPLY_PLACE_PAVE
wn:07389330n	MAKE-A-SOUND
wn:00138599n	TOUCH
wn:00660957n	EMBELLISH
wn:01160342n	PUNISH
wn:00292386n	VERIFY
wn:00293657n	TRAVEL
wn:00248252n	COOK
wn:00876239n	HIT
wn:00296478n	TRAVEL
wn:00944633n	HOLE_PIERCE
wn:06891493n	PERFORM
wn:00324233n	WET
wn:00772381n	SPEAK
wn:07241723n	SPEAK
wn:00933259n	REPRESENT
wn:07245125n	PERSUADE
wn:11414874n	MESS
wn:00116008n	PULL
wn:00319176n	TAKE
wn:00225150n	KILL
wn:07393589n	MAKE-A-SOUND
wn:00101708n	PERFORM
wn:00343730n	PERFORM
wn:00573664n	HIT
wn:00498558n	PLAY_SPORT/GAME
wn:00342916n	MOVE-ONESELF
wn:01144133n	PLAN_SCHEDULE
wn:00714693n	COVER_SPREAD_SURMOUNT
wn:00919513n	PUT_APPLY_PLACE_PAVE
wn:07344528n	WET
wn:00719016n	COVER_SPREAD_SURMOUNT
wn:00947596n	AFFECT
wn:00101191n	PERFORM
wn:00431893n	PLAY_SPORT/GAME
wn:01020117n	PERFORM
wn:01020770n	PERFORM
wn:00406800n	PRESS_PUSH_FOLD
wn:01090018n	PAY
wn:00918644n	GROW_PLOW
wn:00999089n	MEASURE_EVALUATE
wn:07390205n	REDUCE_DIMINISH
wn:00967446n	STEAL_DEPRIVE
wn:00777439n	STEAL_DEPRIVE
wn:00247342n	COOK
wn:07093489n	CREATE_MATERIALIZE
wn:01175099n	HIT
wn:07183660n	QUARREL_POLEMICIZE
wn:00578795n	WASH_CLEAN
wn:00538144n	DANCE
wn:01257969n	POPULATE
wn:00319717n	CARRY_TRANSPORT
wn:00319825n	CARRY_TRANSPORT
wn:00755673n	BEHAVE
wn:00083448n	SUPPOSE
wn:00327033n	GO-FORWARD
wn:01258161n	GO-FORWARD
wn:00897026n	TRY
wn:07189130n	SPEAK
wn:01041968n	SPEAK
wn:07244949n	TEACH
wn:00926468n	MOUNT_ASSEMBLE_PRODUCE
wn:05892880n	PREPARE
wn:00711897n	HUNT
wn:00967310n	HUNT
wn:00155970n	DECIDE_DETERMINE
wn:00085041n	OBTAIN
wn:00927845n	ATTACH
wn:07327013n	PRECEDE
wn:00087073n	CONQUER
wn:00729108n	STUDY
wn:01121492n	PAY
wn:07006712n	PERFORM
wn:00597265n	MANAGE
wn:00627013n	RAISE
wn:00626188n	RAISE
wn:07473441n	WIN
wn:00944789n	HOLE_PIERCE
wn:07471806n	FIGHT
wn:01258251n	LIBERATE_ALLOW_AFFORD
wn:00154894n	PROVE
wn:00083729n	OBTAIN
wn:01144355n	PLAN_SCHEDULE
wn:00928947n	CREATE_MATERIALIZE
wn:00343091n	TURN_CHANGE-DIRECTION
wn:01017550n	STABILIZE_SUPPORT-PHYSICALLY
wn:01198307n	ACCUSE
wn:00748155n	WORK
wn:00817680n	PROTECT
wn:01127874n	PROTECT
wn:07210553n	OPPOSE_REBEL_DISSENT
wn:01060924n	LOAD_PROVIDE_CHARGE_FURNISH
wn:07420991n	EMIT
wn:00942988n	HOLE_PIERCE
wn:07314658n	HOLE_PIERCE
wn:00136984n	HIT
wn:00216834n	DRIVE-BACK
wn:00253070n	CHANGE-APPEARANCE/STATE
wn:00253577n	EXCRETE
wn:00252894n	CHANGE-APPEARANCE/STATE
wn:00180228n	DECIDE_DETERMINE
wn:00575741n	WORK
wn:00572838n	HIT
wn:07390762n	MAKE-A-SOUND
wn:00633108n	DECEIVE
wn:00200563n	EXPLAIN
wn:01201645n	ISOLATE
wn:00922968n	EXTRACT
wn:00726567n	WORK
wn:07390857n	MAKE-A-SOUND
wn:00536964n	DANCE
wn:07199191n	VERIFY
wn:00449295n	COMPETE
wn:00440039n	COMPETE
wn:07472657n	COMPETE
wn:07458453n	COMPETE
wn:00287276n	RUN
wn:00330836n	MOVE-ONESELF
wn:00776165n	DECEIVE
wn:01252918n	COVER_SPREAD_SURMOUNT
wn:00508672n	OFFER
wn:00554541n	BEHAVE
wn:00777324n	BUY
wn:00803208n	BID
wn:01048059n	AROUSE_WAKE_ENLIVEN
wn:00920062n	WORK
wn:01009001n	MESS
wn:01121585n	PAY
wn:00096851n	PAY
wn:01084932n	RESTRAIN
wn:01137760n	AMELIORATE
wn:01212225n	AMELIORATE
wn:07449676n	CELEBRATE_PARTY
wn:00400449n	GROW_PLOW
wn:01157384n	LOAD_PROVIDE_CHARGE_FURNISH
wn:07321967n	APPEAR
wn:00050887n	APPEAR
wn:00328230n	ENTER
wn:00100889n	INTERPRET
wn:07217673n	KNOW
wn:00341243n	EXTEND
wn:11417129n	REACT
wn:01004582n	RECORD
wn:00194127n	HARMONIZE
wn:01248418n	AUTHORIZE_ADMIT
wn:00940043n	LOAD_PROVIDE_CHARGE_FURNISH
wn:01084180n	CIRCULATE_SPREAD_DISTRIBUTE
wn:00338821n	SORT_CLASSIFY_ARRANGE
wn:00732076n	ASSIGN-smt-to-smn
wn:01177327n	OPPOSE_REBEL_DISSENT
wn:00270186n	MOUNT_ASSEMBLE_PRODUCE
wn:00269258n	MOUNT_ASSEMBLE_PRODUCE
wn:01050763n	BURY_PLANT
wn:07201220n	DISCUSS
wn:07200813n	DISCUSS
wn:00870101n	CALCULATE_ESTIMATE
wn:01236049n	GIVE_GIFT
wn:00341435n	MOVE-SOMETHING
wn:00093354n	USE
wn:00269018n	RESTORE-TO-PREVIOUS/INITIAL-STATE_UNDO_UNWIND
wn:00616951n	SORT_CLASSIFY_ARRANGE
wn:07374152n	ADJUST_CORRECT
wn:07374357n	COMBINE_MIX_UNITE
wn:00985106n	SEARCH
wn:00984609n	SEARCH
wn:07139532n	CONSIDER
wn:00910203n	RECORD
wn:00653958n	COUNT
wn:00156119n	CALCULATE_ESTIMATE
wn:07416308n	CONVERT
wn:07343363n	HAPPEN_OCCUR
wn:01080062n	DEBASE_ADULTERATE
wn:01026020n	REFUSE
wn:00948868n	USE
wn:07452559n	FOCUS
wn:00156293n	ADJUST_CORRECT
wn:00151914n	FIND
wn:01083350n	SORT_CLASSIFY_ARRANGE
wn:00192300n	SIMPLIFY
wn:00181373n	CHOOSE
wn:00551913n	SIMULATE
wn:00971463n	STRENGTHEN_MAKE-RESISTANT
wn:01197258n	ANALYZE
wn:00121904n	SEND
wn:00260622n	AMELIORATE
wn:00800940n	AMELIORATE
wn:01248852n	ESTABLISH
wn:01047937n	HELP_HEAL_CARE_CURE
wn:01148283n	BEHAVE
wn:07447022n	RESTORE-TO-PREVIOUS/INITIAL-STATE_UNDO_UNWIND
wn:01137987n	ORGANIZE
wn:00200768n	ORGANIZE
wn:07406474n	SPILL_POUR
wn:01241997n	ASSIGN-smt-to-smn
wn:00700260n	RESTORE-TO-PREVIOUS/INITIAL-STATE_UNDO_UNWIND
wn:01199365n	SUBJECTIVE-JUDGING
wn:01148398n	CHARGE
wn:07321387n	GIVE-BIRTH
wn:01219551n	STRENGTHEN_MAKE-RESISTANT
wn:00401459n	RESTORE-TO-PREVIOUS/INITIAL-STATE_UNDO_UNWIND
wn:00401639n	CHANGE-APPEARANCE/STATE
wn:00318567n	SEND
wn:00096343n	HELP_HEAL_CARE_CURE
wn:00096513n	HELP_HEAL_CARE_CURE
wn:00122106n	DRIVE-BACK
wn:01248752n	ALLY_ASSOCIATE_MARRY
wn:01158543n	CHANGE_SWITCH
wn:00216723n	DISMISS_FIRE-SMN
wn:01231548n	MEET
wn:00270275n	REPAIR_REMEDY
wn:00339463n	SORT_CLASSIFY_ARRANGE
wn:00346296n	ORIENT
wn:01235137n	PAY
wn:00197419n	REPLACE
wn:00197610n	REPLACE
wn:00341890n	BEND
wn:00372607n	RETAIN_KEEP_SAVE-MONEY
wn:01052739n	PUT_APPLY_PLACE_PAVE
wn:00089891n	GIVE_GIFT
wn:00900581n	REPRESENT
wn:00900070n	REPRESENT
wn:01259034n	DELAY
wn:01019901n	COPY
wn:01102574n	PUBLISH
wn:07205718n	REFUSE
wn:00820091n	RETAIN_KEEP_SAVE-MONEY
wn:00061453n	PUT_APPLY_PLACE_PAVE
wn:00340662n	MESS
wn:01084489n	ORGANIZE
wn:11477921n	MAKE-A-SOUND
wn:06467445n	SUMMARIZE
wn:07327288n	MOVE-BACK
wn:01048210n	AROUSE_WAKE_ENLIVEN
wn:01114458n	SELL
wn:01115866n	SELL
wn:00908292n	RECORD
wn:00212205n	RESIGN_RETIRE
wn:00130347n	DEFEAT
wn:00399393n	ADJUST_CORRECT
wn:00895879n	TEACH
wn:00051192n	MOVE-BACK
wn:07213232n	REVEAL
wn:00962722n	OPPOSE_REBEL_DISSENT
wn:00299217n	MOVE-BY-MEANS-OF
wn:00450335n	MOVE-BY-MEANS-OF
wn:00340838n	MESS
wn:00396642n	WASH_CLEAN
wn:00256309n	WASH_CLEAN
wn:01170502n	OPPOSE_REBEL_DISSENT
wn:01027859n	CHANGE_SWITCH
wn:01030820n	CHANGE_SWITCH
wn:00247442n	COOK
wn:00781685n	STEAL_DEPRIVE
wn:00122530n	OVERCOME_SURPASS
wn:07388816n	MAKE-A-SOUND
wn:01155722n	BUY
wn:07475107n	WIN
wn:00617989n	MOUNT_ASSEMBLE_PRODUCE
wn:00534480n	TURN_CHANGE-DIRECTION
wn:00635544n	GROUP
wn:00921627n	GROUP
wn:07476404n	DEFEAT
wn:00445351n	MOVE-SOMETHING
wn:00712031n	TOUCH
wn:01259380n	PLAY_SPORT/GAME
wn:00829721n	STRENGTHEN_MAKE-RESISTANT
wn:07318133n	DESTROY
wn:00279377n	EAT_BITE
wn:00553823n	MESS
wn:00309011n	RESTORE-TO-PREVIOUS/INITIAL-STATE_UNDO_UNWIND
wn:00183357n	COMPETE
wn:00715674n	SECURE_FASTEN_TIE
wn:00212551n	STAY_DWELL
wn:00208694n	MOVE-SOMETHING
wn:00209301n	STOP
wn:00913274n	CHANGE-APPEARANCE/STATE
wn:07392783n	MAKE-A-SOUND
wn:00822970n	PROTECT
wn:00313806n	MOVE-BY-MEANS-OF
wn:07275713n	WELCOME
wn:00248534n	COOK
wn:00259392n	HELP_HEAL_CARE_CURE
wn:00537192n	DANCE
wn:01139000n	AUTHORIZE_ADMIT
wn:01124246n	COMMUNE
wn:00402671n	COMBINE_MIX_UNITE
wn:00289737n	MOVE-ONESELF
wn:00424934n	ATTACK_BOMB
wn:07394478n	BREATH_BLOW
wn:00404058n	BURN
wn:00325364n	RAISE
wn:00556142n	RUN
wn:00192457n	SHAPE
wn:00888693n	TEACH
wn:00573775n	HIT
wn:00993488n	SEARCH
wn:00251780n	WASH_CLEAN
wn:07395446n	SHOUT
wn:00644967n	ANALYZE
wn:00818362n	PROTECT
wn:00898127n	TRY
wn:00292712n	GO-FORWARD
wn:01172441n	FIGHT
wn:00445685n	MOVE-BY-MEANS-OF
wn:00644366n	SEARCH
wn:01210699n	ASSIGN-smt-to-smn
wn:01201773n	ISOLATE
wn:00732201n	ASSIGN-smt-to-smn
wn:01155465n	CHANGE_SWITCH
wn:00160415n	PERSUADE
wn:00788362n	SEARCH
wn:00222485n	DESTROY
wn:00222766n	DESTROY
wn:00750216n	INFORM
wn:00829170n	CHANGE-APPEARANCE/STATE
wn:01254253n	SEPARATE_FILTER_DETACH
wn:01102862n	SORT_CLASSIFY_ARRANGE
wn:00568430n	BEGIN
wn:07475870n	SLOW-DOWN
wn:00618436n	SEW
wn:00898286n	FIGHT
wn:00533404n	DANCE
wn:00876377n	MOVE-ONESELF
wn:00257115n	WASH_CLEAN
wn:00573945n	HIT
wn:00124151n	SHOOT_LAUNCH_PROPEL
wn:00254769n	CUT
wn:13313733n	TAKE-SHELTER
wn:07359599n	CHANGE_SWITCH
wn:00533535n	DANCE
wn:00618264n	COVER_SPREAD_SURMOUNT
wn:00246460n	COOK
wn:00348801n	MOVE-ONESELF
wn:01172252n	HIT
wn:00781480n	STEAL_DEPRIVE
wn:00358931n	REDUCE_DIMINISH
wn:00257580n	WASH_CLEAN
wn:07363668n	METEOROLOGICAL
wn:00360485n	REDUCE_DIMINISH
wn:00106888n	THROW
wn:00880269n	SEE
wn:00615659n	WRITE
wn:00247792n	COOK
wn:01211888n	SIMPLIFY
wn:00757080n	VIOLATE
wn:00545501n	SING
wn:00546389n	SING
wn:07394588n	MAKE-A-SOUND
wn:07400156n	MAKE-A-SOUND
wn:00132601n	HIT
wn:00344259n	LIE
wn:01178850n	PARTICIPATE
wn:00630786n	LIE
wn:00527319n	DANCE
wn:00448466n	TRAVEL
wn:00449054n	MOVE-BY-MEANS-OF
wn:00440747n	TRAVEL
wn:00441073n	JUMP
wn:00109081n	GO-FORWARD
wn:07404944n	GO-FORWARD
wn:00444651n	DIP_DIVE
wn:00442654n	DIP_DIVE
wn:00304040n	FALL_SLIDE-DOWN
wn:07463950n	PLAY_SPORT/GAME
wn:00110745n	SCORE
wn:00133668n	HIT
wn:07410745n	HIT
wn:01105152n	PUT_APPLY_PLACE_PAVE
wn:00447073n	MOVE-BY-MEANS-OF
wn:07455984n	STAY_DWELL
wn:00285141n	TRAVEL
wn:00881441n	SEE
wn:00572043n	HIT
wn:00387424n	CUT
wn:00263492n	EMBELLISH
wn:01051082n	GO-FORWARD
wn:00170710n	GO-FORWARD
wn:07246469n	CREATE_MATERIALIZE
wn:00133567n	HIT
wn:00133875n	HIT
wn:00569474n	HIT
wn:07317369n	HIT
wn:07304096n	BURN
wn:01263924n	FLATTEN_SMOOTHEN
wn:01112132n	CARRY_TRANSPORT
wn:00747215n	WORSEN
wn:00075283n	CAUSE-MENTAL-STATE
wn:00120943n	HIT
wn:00128324n	HIT
wn:00501304n	STOP
wn:00444937n	DIP_DIVE
wn:00329468n	MOVE-BY-MEANS-OF
wn:00256501n	DIP_DIVE
wn:07375525n	INCREASE_ENLARGE_MULTIPLY
wn:01232412n	PARTICIPATE
wn:01266745n	CHANGE_SWITCH
wn:00148653n	JOIN_CONNECT
wn:01255935n	SING
wn:00304729n	FLY
wn:00439484n	PERFORM
wn:07216615n	GIVE_GIFT
wn:00292981n	TRAVEL
wn:00446804n	FIGHT
wn:07182744n	ARGUE-IN-DEFENSE
wn:00583461n	WORK
wn:00583747n	FOCUS
wn:07013400n	SPEAK
wn:07308450n	INCREASE_ENLARGE_MULTIPLY
wn:00909193n	WEAVE
wn:01059189n	NOURISH_FEED
wn:00892711n	TEACH
wn:00142140n	VERIFY
wn:00149895n	ATTACH
wn:00717468n	COVER_SPREAD_SURMOUNT
wn:00251636n	WASH_CLEAN
wn:00654234n	DECEIVE
wn:00539951n	DANCE
wn:00878328n	FACIAL-EXPRESSION
wn:00275572n	COLOR
wn:07354080n	STOP
wn:00290015n	MOVE-ONESELF
wn:00711523n	HUNT
wn:00533691n	TRAVEL
wn:07446270n	MOVE-SOMETHING
wn:01123420n	LEAVE_DEPART_RUN-AWAY
wn:00349080n	STAY_DWELL
wn:07366145n	STOP
wn:00880563n	SEE
wn:00242431n	START-FUNCTIONING
wn:00241699n	PLAY_SPORT/GAME
wn:00725152n	SCORE
wn:00441501n	ORIENT
wn:05847753n	REMOVE_TAKE-AWAY_KIDNAP
wn:00253919n	WASH_CLEAN
wn:01025411n	CHANGE-APPEARANCE/STATE
wn:01261845n	CAUSE-MENTAL-STATE
wn:01061029n	LOAD_PROVIDE_CHARGE_FURNISH
wn:01075893n	STOP
wn:00811921n	FILL
wn:00349213n	LIE
wn:00438893n	LIE
wn:01246334n	ATTACK_BOMB
wn:00366675n	EXTEND
wn:00227264n	PRESS_PUSH_FOLD
wn:01013604n	DIVIDE
wn:00919877n	ALTERNATE
wn:07406765n	FLOW
wn:07427224n	STRENGTHEN_MAKE-RESISTANT
wn:01244341n	OPPOSE_REBEL_DISSENT
wn:01243674n	OPPOSE_REBEL_DISSENT
wn:00264088n	PAINT
wn:07413815n	TOUCH
wn:00144632n	TOUCH
wn:00565302n	HIT
wn:07397230n	PERFORM
wn:07396120n	PERFORM
wn:00046344n	PERFORM
wn:00302861n	PERFORM
wn:00398427n	SEPARATE_FILTER_DETACH
wn:07297927n	DIRECT_AIM_MANEUVER
wn:07360293n	CHANGE-APPEARANCE/STATE
wn:07445149n	HURT_HARM_ACHE
wn:00198118n	REPLACE
wn:00087423n	FOLLOW_SUPPORT_SPONSOR_FUND
wn:01061203n	FOLLOW_SUPPORT_SPONSOR_FUND
wn:00927961n	ATTACH
wn:00197229n	DISMISS_FIRE-SMN
wn:07438396n	GIVE-BIRTH
wn:01053404n	OVERLAP
wn:00615336n	WRITE
wn:07479525n	RESULT_CONSEQUENCE
wn:00345297n	TURN_CHANGE-DIRECTION
wn:07187638n	ASK_REQUEST
wn:01215902n	HELP_HEAL_CARE_CURE
wn:00445055n	MOVE-BY-MEANS-OF
wn:07444495n	RAISE
wn:00553655n	CAUSE-MENTAL-STATE
wn:01005579n	PAINT
wn:07396233n	MAKE-A-SOUND
wn:00716055n	JOIN_CONNECT
wn:00134391n	HIT
wn:00571609n	MOVE-SOMETHING
wn:00566040n	HIT
wn:00340989n	TRAVEL
wn:00977214n	CATCH
wn:00390581n	SEPARATE_FILTER_DETACH
wn:01001097n	ADJUST_CORRECT
wn:00807500n	ADJUST_CORRECT
wn:01138547n	ALLY_ASSOCIATE_MARRY
wn:01115348n	SELL
wn:00652659n	SORT_CLASSIFY_ARRANGE
wn:00145024n	TOUCH
wn:00927062n	TREAT-WITH/BY
wn:00537423n	DANCE
wn:00812055n	RETAIN_KEEP_SAVE-MONEY
wn:00527872n	DANCE
wn:00353611n	REDUCE_DIMINISH
wn:07288024n	UNDERGO-EXPERIENCE
wn:00263353n	PAINT
wn:01160170n	CHARGE
wn:00574077n	HIT
wn:01254473n	TRANSMIT
wn:00248063n	REDUCE_DIMINISH
wn:00765193n	OBLIGE_FORCE
wn:00263164n	PUT_APPLY_PLACE_PAVE
wn:00393161n	HIT
wn:00104539n	THROW
wn:00719274n	COVER_SPREAD_SURMOUNT
wn:00918820n	GROW_PLOW
wn:00918176n	GROW_PLOW
wn:00718195n	COVER_SPREAD_SURMOUNT
wn:00718325n	PUT_APPLY_PLACE_PAVE
wn:00275151n	COLOR
wn:00909281n	WEAVE
wn:01262345n	AROUSE_WAKE_ENLIVEN
wn:00648237n	MEASURE_EVALUATE
wn:00896228n	TEACH
wn:01142324n	TOLERATE
wn:00254922n	CUT
wn:07398362n	PERFORM
wn:00046522n	TOUCH
wn:00305005n	LAND_GET-OFF
wn:07464725n	FACE_CHALLENGE
wn:00115292n	PULL
wn:01113867n	SELL
wn:00331102n	MOVE-SOMETHING
wn:01107932n	GIVE_GIFT
wn:01250826n	CHANGE-APPEARANCE/STATE
wn:00399030n	CONVERT
wn:00324056n	GIVE_GIFT
wn:07358576n	CHANGE_SWITCH
wn:07446404n	MOVE-SOMETHING
wn:00330984n	MOVE-SOMETHING
wn:07416441n	CONVERT
wn:00869260n	CALCULATE_ESTIMATE
wn:00102162n	CONVERT
wn:00316460n	CARRY_TRANSPORT
wn:01056236n	VISIT
wn:07289358n	LOAD_PROVIDE_CHARGE_FURNISH
wn:00694276n	HELP_HEAL_CARE_CURE
wn:00734482n	VIOLATE
wn:00617337n	ANALYZE
wn:00388842n	SEPARATE_FILTER_DETACH
wn:00132982n	HIT
wn:00454493n	HUNT
wn:00287561n	MOVE-BY-MEANS-OF
wn:00942574n	REPLACE
wn:00437788n	PERFORM
wn:00434075n	PERFORM
wn:01000969n	ADJUST_CORRECT
wn:00999588n	ADJUST_CORRECT
wn:00346532n	TURN_CHANGE-DIRECTION
wn:00350030n	TURN_CHANGE-DIRECTION
wn:00345454n	TURN_CHANGE-DIRECTION
wn:01233917n	APPEAR
wn:00889294n	TEACH
wn:07399027n	MAKE-A-SOUND
wn:00534631n	DANCE
wn:00536120n	DANCE
wn:00047550n	ACHIEVE
wn:00387526n	CUT
wn:00565809n	HIT
wn:00907642n	SHOW
wn:01122488n	PAY
wn:00914509n	MOUNT_ASSEMBLE_PRODUCE
wn:00235074n	RESTORE-TO-PREVIOUS/INITIAL-STATE_UNDO_UNWIND
wn:01104174n	COMBINE_MIX_UNITE
wn:07375781n	RAISE
wn:01120348n	COVER_SPREAD_SURMOUNT
wn:07376008n	RAISE
wn:00068170n	DEFEAT
wn:00716179n	CASTRATE
wn:00927161n	COVER_SPREAD_SURMOUNT
wn:00266645n	AIR
wn:07316724n	CONTRACT-AN-ILLNESS_INFECT
wn:00716777n	CUT
wn:00179683n	SPEAK
wn:00182213n	CHOOSE
wn:01268020n	DEBASE_ADULTERATE
wn:00293307n	GO-FORWARD
wn:01063939n	WAIT
wn:00287142n	GO-FORWARD
wn:01178195n	LEAVE_DEPART_RUN-AWAY
wn:00897608n	TRY
wn:01176031n	HIT
wn:07442874n	TRAVEL
wn:00537534n	DANCE
wn:00973077n	ATTACK_BOMB
wn:07224151n	WARN
wn:00445226n	MOVE-BY-MEANS-OF
wn:00719388n	COVER_SPREAD_SURMOUNT
wn:00362355n	WEAKEN
wn:07427337n	WEAKEN
wn:00149508n	JOIN_CONNECT
wn:00277376n	WET
wn:00130512n	DRIVE-BACK
wn:00547454n	PERFORM
wn:00273877n	COLOR
wn:01114646n	SELL
wn:00407270n	INCREASE_ENLARGE_MULTIPLY
wn:00163047n	CHOOSE
wn:00345641n	ROLL
wn:07185870n	REQUIRE_NEED_WANT_HOPE
wn:01028655n	PERFORM
wn:00614224n	WRITE
wn:00209789n	WRITE
wn:00744131n	TREAT
wn:00901316n	ANALYZE
wn:07400552n	MAKE-A-SOUND
wn:00365471n	REDUCE_DIMINISH
wn:00372013n	INCREASE_ENLARGE_MULTIPLY
wn:07187150n	ASK_REQUEST
wn:07212424n	SPEAK
wn:00754956n	DECEIVE
wn:07203126n	SPEAK
wn:00751145n	DECEIVE
wn:07183151n	SPEAK
wn:00284101n	TRAVEL
wn:00644503n	ANALYZE
wn:00401783n	WASH_CLEAN
wn:00218208n	KILL
wn:00940842n	CREATE_MATERIALIZE
wn:07193184n	ASK_REQUEST
wn:07186148n	ASK_REQUEST
wn:00388210n	SEPARATE_FILTER_DETACH
wn:00635850n	ANALYZE
wn:07384741n	MAKE-A-SOUND
wn:06805297n	SPEAK
wn:07206302n	SPEAK
wn:07209965n	SPEAK
wn:00367280n	INCREASE_ENLARGE_MULTIPLY
wn:07376257n	MAKE-A-SOUND
wn:07376937n	MAKE-A-SOUND
wn:00547616n	HIT
wn:00751944n	DECEIVE
wn:00752144n	DECEIVE
wn:07377082n	MAKE-A-SOUND
wn:00753685n	DECEIVE
wn:00355919n	REDUCE_DIMINISH
wn:00752431n	DECEIVE
wn:00388392n	SEPARATE_FILTER_DETACH
wn:00308871n	TRAVEL
wn:00784598n	STEAL_DEPRIVE
wn:00229934n	KILL
wn:07378234n	MAKE-A-SOUND
wn:07384898n	MAKE-A-SOUND
wn:07377682n	MAKE-A-SOUND
wn:00135148n	HIT
wn:07379963n	MAKE-A-SOUND
wn:07378059n	MAKE-A-SOUND
wn:00358290n	PRESS_PUSH_FOLD
wn:00358089n	PRESS_PUSH_FOLD
wn:00376400n	SEPARATE_FILTER_DETACH
wn:00377169n	SEPARATE_FILTER_DETACH
wn:00351638n	REDUCE_DIMINISH
wn:00359903n	REDUCE_DIMINISH
wn:00252307n	WASH_CLEAN
wn:00289388n	TRAVEL
wn:00754280n	STEAL_DEPRIVE
wn:00780148n	STEAL_DEPRIVE
wn:00779248n	STEAL_DEPRIVE
wn:00219575n	KILL
wn:07391863n	MAKE-A-SOUND
wn:00500449n	HIT
wn:00143251n	ANALYZE
wn:00937656n	CREATE_MATERIALIZE
wn:00297404n	TRAVEL
wn:00909899n	CREATE_MATERIALIZE
wn:00556313n	HIT
wn:00534152n	TRAVEL
wn:00754424n	DECEIVE
wn:07379409n	MAKE-A-SOUND
wn:07379223n	MAKE-A-SOUND
wn:00225786n	KILL
wn:00125436n	TOUCH
wn:00295172n	TRAVEL
wn:00310666n	TRAVEL
wn:07380144n	MAKE-A-SOUND
wn:00264192n	WASH_CLEAN
wn:00251013n	WASH_CLEAN
wn:07381423n	MAKE-A-SOUND
wn:00294190n	TRAVEL
wn:07396945n	MAKE-A-SOUND
wn:00328502n	TRAVEL
wn:00940412n	CREATE_MATERIALIZE
wn:00751529n	DECEIVE
wn:00908772n	CREATE_MATERIALIZE
wn:00150762n	TOUCH
wn:00908492n	CREATE_MATERIALIZE
wn:00357275n	PRESS_PUSH_FOLD
wn:00312932n	TRAVEL
wn:00428270n	DANCE
wn:01110274n	SELL
wn:01091905n	SELL
wn:01113068n	SELL
wn:01115162n	SELL
wn:07234881n	SPEAK
wn:00361932n	REDUCE_DIMINISH
wn:07167415n	SPEAK
wn:00364600n	REDUCE_DIMINISH
wn:00928077n	CREATE_MATERIALIZE
wn:00390906n	SEPARATE_FILTER_DETACH
wn:00334935n	HIT
wn:00366317n	INCREASE_ENLARGE_MULTIPLY
wn:00397953n	SEPARATE_FILTER_DETACH
wn:00223720n	KILL
wn:00307631n	TRAVEL
wn:00567044n	HIT
wn:00572489n	HIT
wn:00371059n	INCREASE_ENLARGE_MULTIPLY
wn:00140393n	TOUCH
wn:00633864n	ANALYZE
wn:00224738n	KILL
wn:00636461n	ANALYZE
wn:07193958n	ASK_REQUEST
wn:07185076n	SPEAK
wn:01098698n	SELL
wn:00112312n	PRESS_PUSH_FOLD
wn:00141027n	TOUCH
wn:07371293n	MAKE-A-SOUND
wn:00879271n	ANALYZE
wn:07211752n	SPEAK
wn:01175316n	HIT
wn:00756331n	DECEIVE
wn:07196075n	ASK_REQUEST
wn:00125126n	TOUCH
wn:07390945n	MAKE-A-SOUND
wn:00113726n	PRESS_PUSH_FOLD
wn:00133338n	HIT
wn:07386194n	MAKE-A-SOUND
wn:07386370n	MAKE-A-SOUND
wn:07389569n	MAKE-A-SOUND
wn:00150591n	TOUCH
wn:07215185n	SPEAK
wn:00292125n	TRAVEL
wn:07243837n	SPEAK
wn:06721949n	SPEAK
wn:07220773n	SPEAK
wn:00285889n	TRAVEL
wn:00386164n	SEPARATE_FILTER_DETACH
wn:00137279n	HIT
wn:07395104n	MAKE-A-SOUND
wn:07390400n	MAKE-A-SOUND
wn:00386553n	SEPARATE_FILTER_DETACH
wn:07391240n	MAKE-A-SOUND
wn:00227595n	KILL
wn:00643943n	ANALYZE
wn:07393988n	MAKE-A-SOUND
wn:00364787n	INCREASE_ENLARGE_MULTIPLY
wn:07395303n	MAKE-A-SOUND
wn:07394814n	MAKE-A-SOUND
wn:01173660n	HIT
wn:00283568n	TRAVEL
wn:00284798n	TRAVEL
wn:00144445n	TOUCH
wn:07398873n	MAKE-A-SOUND
wn:00569733n	HIT